ANO,AGREGACAO,CODIGO,NOME,IDHM,IDHM_L,IDHM_E,IDHM_R,IDHMAD,IDHMAD_L,IDHMAD_E,IDHMAD_R,IDHMAD_PERDA,IDHMAD_L_PERDA,IDHMAD_E_PERDA,IDHMAD_R_PERDA,ESPVIDA,T_FREQ5A6,T_FUND11A13,T_FUND15A17,T_MED18A20,T_FUND18M,ANOSEST,RDPC,GINI,THEIL
2012,BRASIL,,,0.746,0.825,0.687,0.732,0.571,0.743,0.55,0.456,23.5,10.0,20.0,37.7,74.48,92.54,86.68,64.0,49.28,60.61,8.56,759.11,0.54,0.526
2013,BRASIL,,,0.753,0.83,0.698,0.737,0.581,0.749,0.562,0.467,22.8,9.7,19.5,36.7,74.8,93.74,87.58,66.21,50.11,61.51,8.69,784.47,0.532,0.509
2014,BRASIL,,,0.762,0.835,0.715,0.741,0.593,0.757,0.581,0.474,22.2,9.4,18.8,36.0,75.11,94.42,89.09,68.14,52.76,63.01,8.88,806.32,0.526,0.495
2015,BRASIL,,,0.765,0.84,0.724,0.736,0.598,0.764,0.591,0.473,21.9,9.1,18.4,35.8,75.4,94.93,90.67,68.18,53.84,64.16,9.03,780.32,0.524,0.493
2016,BRASIL,,,0.771,0.845,0.74,0.734,0.596,0.77,0.602,0.457,22.7,8.9,18.6,37.7,75.68,96.55,92.44,69.47,55.89,65.68,9.13,770.94,0.537,0.524
2017,BRASIL,,,0.774,0.849,0.742,0.735,0.599,0.775,0.611,0.453,22.6,8.7,17.7,38.4,75.96,96.59,93.12,69.21,56.54,65.45,9.26,774.72,0.539,0.53
2018,BRASIL,,,0.78,0.854,0.749,0.741,0.602,0.781,0.622,0.45,22.7,8.5,16.9,39.3,76.22,96.95,93.34,70.05,58.49,66.23,9.45,802.94,0.545,0.548
2019,BRASIL,,,0.785,0.858,0.76,0.743,0.609,0.787,0.634,0.453,22.4,8.3,16.6,39.0,76.47,96.86,94.09,71.48,60.26,67.42,9.55,814.3,0.544,0.547
2020,BRASIL,,,0.784,0.854,0.768,0.736,0.618,0.777,0.65,0.467,21.2,9.0,15.3,36.5,76.21,91.99,94.97,73.11,62.87,69.48,9.82,779.13,0.524,0.485
2021,BRASIL,,,0.766,0.819,0.757,0.724,0.591,0.74,0.64,0.436,22.8,9.6,15.4,39.8,74.16,88.18,94.04,70.56,61.27,70.31,9.91,723.84,0.544,0.537
2012,UF,11.0,Rondônia,0.694,0.758,0.637,0.692,0.53,0.661,0.496,0.453,23.7,12.8,22.2,34.5,70.5,86.56,75.16,60.36,46.78,57.27,7.76,593.78,0.487,0.416
2012,UF,12.0,Acre,0.701,0.791,0.649,0.67,0.502,0.698,0.467,0.387,28.4,11.8,28.1,42.2,72.47,82.55,78.36,60.46,51.04,59.04,7.72,516.75,0.566,0.585
2012,UF,13.0,Amazonas,0.691,0.764,0.632,0.683,0.512,0.668,0.504,0.398,25.9,12.6,20.2,41.7,70.85,87.38,80.8,51.45,37.06,61.27,8.63,559.44,0.589,0.619
2012,UF,14.0,Roraima,0.738,0.752,0.746,0.717,0.558,0.667,0.604,0.432,24.4,11.3,19.1,39.7,70.1,95.16,88.84,66.49,53.31,71.88,9.59,691.06,0.549,0.528
2012,UF,15.0,Pará,0.666,0.771,0.583,0.658,0.501,0.679,0.456,0.405,24.9,11.9,21.7,38.5,71.23,89.41,74.52,46.43,32.86,53.73,7.6,478.8,0.533,0.51
2012,UF,16.0,Amapá,0.707,0.796,0.659,0.673,0.542,0.687,0.538,0.43,23.4,13.7,18.4,36.1,72.77,79.15,77.07,60.45,44.41,66.97,9.09,528.23,0.528,0.483
2012,UF,17.0,Tocantins,0.71,0.785,0.676,0.674,0.536,0.694,0.512,0.433,24.5,11.6,24.2,35.7,72.11,91.91,88.7,64.24,46.55,58.12,7.98,529.31,0.507,0.45
2012,UF,21.0,Maranhão,0.648,0.739,0.611,0.602,0.469,0.631,0.429,0.38,27.6,14.6,29.8,36.8,69.34,94.97,80.66,54.47,37.87,50.84,6.66,338.42,0.498,0.452
2012,UF,22.0,Piauí,0.66,0.753,0.6,0.635,0.484,0.658,0.419,0.41,26.7,12.6,30.2,35.4,70.19,96.44,80.29,55.16,37.73,47.53,6.54,415.17,0.495,0.447
2012,UF,23.0,Ceará,0.701,0.796,0.667,0.648,0.508,0.708,0.48,0.385,27.6,11.1,28.0,40.6,72.78,97.96,88.55,63.24,46.85,53.99,7.19,451.45,0.545,0.54
2012,UF,24.0,Rio Grande do Norte,0.695,0.827,0.617,0.658,0.53,0.739,0.47,0.428,23.8,10.6,23.9,34.9,74.59,96.06,83.56,50.44,38.97,51.89,7.44,478.88,0.508,0.466
2012,UF,25.0,Paraíba,0.673,0.78,0.601,0.649,0.492,0.686,0.427,0.406,26.9,12.0,28.9,37.5,71.8,95.65,81.21,54.5,40.13,47.02,6.72,453.47,0.516,0.476
2012,UF,26.0,Pernambuco,0.688,0.784,0.616,0.673,0.5,0.702,0.456,0.39,27.2,10.4,25.9,42.0,72.03,95.01,79.22,51.01,40.41,52.98,7.6,525.5,0.574,0.595
2012,UF,27.0,Alagoas,0.651,0.749,0.587,0.627,0.475,0.641,0.413,0.406,26.9,14.4,29.6,35.2,69.96,93.29,85.72,46.91,32.19,48.66,6.8,395.06,0.503,0.447
2012,UF,28.0,Sergipe,0.684,0.775,0.607,0.679,0.492,0.682,0.453,0.386,28.0,12.0,25.4,43.2,71.47,97.44,82.04,47.92,34.38,52.29,7.45,547.2,0.569,0.581
2012,UF,29.0,Bahia,0.678,0.79,0.593,0.666,0.49,0.692,0.43,0.396,27.7,12.4,27.5,40.5,72.39,93.95,79.64,47.43,34.69,51.02,7.25,503.29,0.563,0.571
2012,UF,31.0,Minas Gerais,0.75,0.852,0.683,0.726,0.594,0.778,0.551,0.49,20.8,8.7,19.3,32.5,76.12,92.26,92.87,67.56,50.07,55.54,8.11,734.81,0.5,0.441
2012,UF,32.0,Espírito Santo,0.758,0.863,0.692,0.73,0.603,0.792,0.565,0.491,20.4,8.2,18.4,32.7,76.78,92.81,82.16,64.21,54.76,61.25,8.63,750.4,0.489,0.411
2012,UF,33.0,Rio de Janeiro,0.762,0.832,0.703,0.756,0.607,0.758,0.607,0.485,20.4,8.9,13.7,35.8,74.9,92.86,83.21,58.85,48.75,69.14,9.65,882.69,0.528,0.482
2012,UF,35.0,São Paulo,0.812,0.863,0.792,0.782,0.661,0.798,0.68,0.533,18.5,7.5,14.1,31.8,76.8,94.67,94.65,80.06,66.63,70.27,9.77,1037.42,0.511,0.446
2012,UF,41.0,Paraná,0.772,0.846,0.718,0.757,0.624,0.78,0.586,0.531,19.2,7.8,18.4,29.9,75.76,89.66,91.16,73.02,56.54,61.46,8.65,887.28,0.483,0.404
2012,UF,42.0,Santa Catarina,0.792,0.878,0.74,0.764,0.664,0.815,0.637,0.565,16.1,7.2,13.9,26.1,77.7,91.84,93.5,78.47,58.17,62.64,8.95,927.6,0.435,0.326
2012,UF,43.0,Rio Grande do Sul,0.763,0.86,0.674,0.767,0.627,0.796,0.581,0.532,17.9,7.5,13.8,30.7,76.62,84.57,88.05,68.58,45.42,59.47,8.97,944.64,0.495,0.427
2012,UF,50.0,Mato Grosso do Sul,0.733,0.823,0.657,0.729,0.588,0.739,0.53,0.518,19.8,10.2,19.3,28.9,74.35,92.99,89.94,59.82,41.09,56.24,8.31,747.3,0.475,0.389
2012,UF,51.0,Mato Grosso,0.742,0.803,0.694,0.732,0.583,0.713,0.55,0.505,21.4,11.2,20.8,31.0,73.16,88.63,86.27,74.17,47.81,60.7,8.4,758.68,0.487,0.409
2012,UF,52.0,Goiás,0.744,0.807,0.698,0.73,0.595,0.722,0.565,0.516,20.0,10.5,19.0,29.3,73.41,86.63,88.28,69.88,51.76,61.89,8.61,749.3,0.474,0.383
2012,UF,53.0,Distrito Federal,0.825,0.865,0.768,0.846,0.641,0.798,0.671,0.493,22.3,7.8,12.6,41.7,76.87,91.37,87.26,68.66,60.7,76.49,10.88,1546.18,0.601,0.664
2013,UF,11.0,Rondônia,0.687,0.762,0.612,0.694,0.531,0.666,0.477,0.471,22.7,12.6,22.0,32.2,70.71,83.11,80.23,53.97,40.55,55.09,7.74,599.8,0.475,0.39
2013,UF,12.0,Acre,0.706,0.797,0.658,0.67,0.511,0.705,0.472,0.401,27.6,11.5,28.3,40.2,72.84,86.07,81.66,67.43,46.5,57.46,7.61,517.64,0.553,0.543
2013,UF,13.0,Amazonas,0.702,0.769,0.659,0.683,0.53,0.674,0.53,0.417,24.5,12.4,19.5,38.9,71.11,89.53,85.15,57.17,37.66,63.13,8.84,561.11,0.581,0.596
2013,UF,14.0,Roraima,0.738,0.757,0.735,0.723,0.568,0.673,0.598,0.456,23.0,11.1,18.6,36.9,70.44,92.05,92.14,69.04,46.08,70.85,9.63,717.96,0.555,0.546
2013,UF,15.0,Pará,0.671,0.774,0.592,0.66,0.509,0.684,0.462,0.418,24.1,11.6,22.0,36.7,71.44,91.26,78.86,47.06,32.36,53.43,7.64,484.8,0.531,0.499
2013,UF,16.0,Amapá,0.734,0.801,0.714,0.691,0.563,0.692,0.572,0.451,23.3,13.6,19.9,34.8,73.07,88.34,82.47,67.46,52.4,68.78,9.18,588.89,0.513,0.448
2013,UF,17.0,Tocantins,0.719,0.79,0.691,0.68,0.549,0.701,0.522,0.453,23.6,11.3,24.4,33.4,72.42,89.68,88.79,67.08,51.27,59.92,8.11,550.02,0.515,0.464
2013,UF,21.0,Maranhão,0.661,0.744,0.639,0.607,0.486,0.639,0.453,0.396,26.5,14.1,29.1,34.8,69.65,97.12,87.06,57.88,41.15,52.11,6.94,350.41,0.494,0.436
2013,UF,22.0,Piauí,0.679,0.756,0.623,0.666,0.496,0.662,0.442,0.416,27.1,12.4,29.0,37.6,70.38,97.23,85.15,56.26,41.05,49.63,6.87,503.95,0.535,0.516
2013,UF,23.0,Ceará,0.705,0.801,0.667,0.656,0.516,0.715,0.478,0.402,26.8,10.7,28.4,38.7,73.03,98.16,86.32,63.83,48.46,53.96,7.22,472.85,0.537,0.522
2013,UF,24.0,Rio Grande do Norte,0.71,0.831,0.642,0.67,0.539,0.746,0.483,0.435,24.0,10.2,24.8,35.1,74.86,97.07,87.87,56.5,44.22,51.93,7.46,516.0,0.505,0.457
2013,UF,25.0,Paraíba,0.67,0.786,0.584,0.655,0.493,0.695,0.412,0.418,26.5,11.6,29.5,36.2,72.15,94.63,75.73,54.62,37.09,46.43,6.71,471.12,0.513,0.464
2013,UF,26.0,Pernambuco,0.703,0.792,0.641,0.685,0.517,0.713,0.479,0.405,26.5,10.0,25.2,40.9,72.5,94.64,82.16,54.57,44.67,55.23,7.76,569.17,0.566,0.57
2013,UF,27.0,Alagoas,0.648,0.756,0.573,0.629,0.471,0.652,0.404,0.396,27.4,13.7,29.5,37.1,70.37,91.1,81.07,44.77,34.27,47.7,6.7,401.31,0.51,0.467
2013,UF,28.0,Sergipe,0.683,0.779,0.598,0.685,0.5,0.689,0.443,0.409,26.8,11.5,25.9,40.3,71.76,96.01,76.65,43.06,36.61,53.57,7.41,567.26,0.572,0.579
2013,UF,29.0,Bahia,0.68,0.794,0.594,0.667,0.498,0.699,0.432,0.41,26.7,12.0,27.3,38.5,72.66,93.72,80.07,46.83,33.47,52.0,7.34,508.14,0.535,0.514
2013,UF,31.0,Minas Gerais,0.758,0.857,0.692,0.733,0.606,0.785,0.567,0.499,20.0,8.4,18.0,31.9,76.4,94.23,93.29,67.48,52.04,56.28,8.23,765.94,0.491,0.423
2013,UF,32.0,Espírito Santo,0.765,0.87,0.701,0.734,0.609,0.8,0.578,0.488,20.4,8.0,17.5,33.5,77.17,93.65,84.89,67.1,55.12,60.89,8.72,772.78,0.499,0.427
2013,UF,33.0,Rio de Janeiro,0.768,0.837,0.715,0.757,0.618,0.765,0.622,0.497,19.5,8.6,13.0,34.4,75.23,95.68,84.73,62.43,46.45,69.82,9.8,888.32,0.517,0.462
2013,UF,35.0,São Paulo,0.818,0.869,0.8,0.787,0.67,0.806,0.691,0.54,18.1,7.3,13.6,31.4,77.15,95.41,93.63,84.01,66.29,71.25,9.91,1068.69,0.51,0.446
2013,UF,41.0,Paraná,0.782,0.852,0.737,0.761,0.634,0.787,0.608,0.533,18.9,7.6,17.5,29.9,76.09,92.92,93.48,73.4,57.69,63.36,8.95,912.6,0.473,0.387
2013,UF,42.0,Santa Catarina,0.801,0.885,0.757,0.768,0.679,0.823,0.659,0.576,15.3,7.0,13.0,25.0,78.07,92.93,93.12,82.81,57.14,65.33,9.16,949.54,0.428,0.314
2013,UF,43.0,Rio Grande do Sul,0.773,0.865,0.691,0.773,0.642,0.802,0.603,0.546,17.1,7.3,12.8,29.4,76.91,85.32,89.9,69.87,50.08,60.51,9.12,984.82,0.477,0.393
2013,UF,50.0,Mato Grosso do Sul,0.743,0.828,0.674,0.735,0.599,0.746,0.547,0.526,19.4,9.9,18.8,28.5,74.65,93.47,87.54,62.34,45.42,58.75,8.54,775.41,0.472,0.383
2013,UF,51.0,Mato Grosso,0.758,0.807,0.732,0.738,0.604,0.718,0.582,0.526,20.4,11.0,20.5,28.7,73.43,93.81,88.05,80.02,53.29,63.06,8.58,788.18,0.456,0.357
2013,UF,52.0,Goiás,0.752,0.81,0.71,0.74,0.607,0.727,0.577,0.533,19.4,10.3,18.8,28.0,73.58,92.13,88.47,74.13,51.28,61.15,8.6,798.41,0.465,0.368
2013,UF,53.0,Distrito Federal,0.837,0.87,0.794,0.848,0.654,0.804,0.696,0.5,21.8,7.6,12.4,41.0,77.17,88.43,93.43,70.4,67.45,78.33,10.95,1568.87,0.579,0.613
2014,UF,11.0,Rondônia,0.692,0.765,0.627,0.691,0.541,0.67,0.482,0.491,21.8,12.4,23.2,28.9,70.91,88.61,78.19,59.18,41.73,55.16,7.7,589.03,0.443,0.34
2014,UF,12.0,Acre,0.715,0.804,0.679,0.669,0.52,0.715,0.483,0.406,27.3,11.1,28.9,39.3,73.21,90.51,83.49,66.59,49.68,59.53,7.78,514.59,0.529,0.496
2014,UF,13.0,Amazonas,0.706,0.773,0.667,0.683,0.531,0.679,0.531,0.415,24.8,12.1,20.4,39.3,71.36,86.63,85.48,57.21,43.59,63.65,8.77,561.4,0.562,0.566
2014,UF,14.0,Roraima,0.744,0.763,0.757,0.712,0.576,0.679,0.62,0.455,22.5,11.0,18.1,36.1,70.77,95.55,91.33,72.13,53.61,70.82,9.59,673.18,0.523,0.479
2014,UF,15.0,Pará,0.684,0.777,0.623,0.66,0.529,0.688,0.499,0.43,22.7,11.4,19.9,34.8,71.64,91.77,83.49,52.07,34.52,56.44,7.99,486.65,0.507,0.453
2014,UF,16.0,Amapá,0.725,0.806,0.688,0.687,0.557,0.698,0.553,0.447,23.2,13.4,19.6,34.9,73.37,87.71,88.43,55.64,43.87,68.72,9.3,575.63,0.522,0.475
2014,UF,17.0,Tocantins,0.737,0.795,0.729,0.692,0.565,0.707,0.555,0.459,23.5,11.1,23.9,33.7,72.71,94.57,92.45,70.13,55.82,63.3,8.42,593.84,0.497,0.435
2014,UF,21.0,Maranhão,0.663,0.749,0.639,0.61,0.495,0.646,0.461,0.408,25.3,13.7,27.8,33.1,69.96,97.36,86.59,59.84,37.7,52.65,7.03,356.63,0.475,0.407
2014,UF,22.0,Piauí,0.686,0.76,0.639,0.665,0.509,0.668,0.463,0.426,25.8,12.1,27.6,35.9,70.57,98.99,87.2,55.92,45.16,50.7,7.11,502.7,0.516,0.48
2014,UF,23.0,Ceará,0.71,0.804,0.679,0.656,0.529,0.72,0.495,0.416,25.5,10.4,27.1,36.6,73.26,97.85,87.88,64.36,49.73,55.67,7.37,473.59,0.522,0.488
2014,UF,24.0,Rio Grande do Norte,0.723,0.836,0.668,0.676,0.549,0.753,0.508,0.432,24.0,9.9,23.9,36.1,75.13,96.73,87.81,55.05,54.22,55.07,7.71,536.41,0.51,0.468
2014,UF,25.0,Paraíba,0.69,0.791,0.619,0.671,0.512,0.702,0.452,0.424,25.7,11.2,27.0,36.8,72.48,97.62,86.24,49.02,42.2,49.96,7.29,520.86,0.524,0.485
2014,UF,26.0,Pernambuco,0.715,0.799,0.656,0.698,0.53,0.722,0.499,0.413,25.9,9.6,24.0,40.8,72.94,94.63,82.16,58.63,43.45,58.01,8.12,614.31,0.566,0.571
2014,UF,27.0,Alagoas,0.666,0.763,0.599,0.645,0.481,0.663,0.422,0.398,27.7,13.1,29.6,38.3,70.77,93.91,80.85,50.27,39.11,49.4,7.0,444.05,0.527,0.501
2014,UF,28.0,Sergipe,0.696,0.784,0.625,0.688,0.517,0.696,0.472,0.42,25.7,11.2,24.5,38.9,72.03,96.87,83.46,48.15,38.49,54.92,7.81,580.02,0.543,0.524
2014,UF,29.0,Bahia,0.694,0.799,0.619,0.676,0.519,0.706,0.461,0.429,25.3,11.7,25.6,36.6,72.91,96.63,80.92,52.89,37.68,52.86,7.53,538.5,0.528,0.495
2014,UF,31.0,Minas Gerais,0.77,0.862,0.718,0.739,0.619,0.792,0.593,0.504,19.7,8.1,17.4,31.8,76.69,96.02,94.82,72.11,54.13,58.85,8.6,794.67,0.49,0.421
2014,UF,32.0,Espírito Santo,0.772,0.876,0.709,0.742,0.617,0.809,0.588,0.493,20.1,7.7,17.0,33.5,77.54,93.21,88.04,65.58,53.38,63.25,9.02,807.78,0.501,0.438
2014,UF,33.0,Rio de Janeiro,0.78,0.843,0.736,0.764,0.632,0.772,0.643,0.508,19.0,8.4,12.7,33.5,75.56,94.17,85.62,65.53,52.21,71.98,9.95,929.11,0.511,0.444
2014,UF,35.0,São Paulo,0.825,0.875,0.813,0.79,0.678,0.813,0.704,0.544,17.9,7.1,13.4,31.2,77.47,95.62,95.82,86.12,68.25,71.78,10.02,1093.25,0.507,0.44
2014,UF,41.0,Paraná,0.788,0.857,0.747,0.765,0.646,0.794,0.619,0.548,18.1,7.4,17.1,28.4,76.4,92.85,91.81,75.26,60.8,64.91,9.09,932.8,0.464,0.369
2014,UF,42.0,Santa Catarina,0.807,0.89,0.768,0.769,0.687,0.829,0.665,0.588,14.8,6.8,13.4,23.5,78.42,94.37,92.82,85.22,59.16,65.94,9.18,959.06,0.408,0.283
2014,UF,43.0,Rio Grande do Sul,0.779,0.87,0.699,0.777,0.647,0.807,0.611,0.549,17.0,7.2,12.6,29.4,77.21,86.31,89.45,67.53,52.8,62.36,9.28,1007.29,0.479,0.398
2014,UF,50.0,Mato Grosso do Sul,0.745,0.832,0.671,0.742,0.6,0.751,0.543,0.531,19.5,9.7,19.1,28.5,74.94,93.91,89.17,59.69,44.21,58.76,8.64,810.08,0.472,0.382
2014,UF,51.0,Mato Grosso,0.762,0.812,0.736,0.739,0.606,0.724,0.59,0.521,20.4,10.8,19.8,29.5,73.69,93.16,86.26,80.96,55.65,63.89,8.68,792.86,0.459,0.363
2014,UF,52.0,Goiás,0.757,0.813,0.723,0.739,0.61,0.731,0.594,0.522,19.5,10.1,17.9,29.3,73.75,92.29,94.73,68.53,56.56,62.23,8.84,792.81,0.458,0.361
2014,UF,53.0,Distrito Federal,0.836,0.875,0.791,0.845,0.657,0.809,0.688,0.51,21.4,7.5,13.0,39.6,77.47,95.32,89.18,68.29,64.44,78.71,11.01,1533.05,0.573,0.596
2015,UF,11.0,Rondônia,0.706,0.769,0.664,0.689,0.553,0.675,0.524,0.478,21.7,12.2,21.1,30.6,71.11,90.85,88.46,60.91,41.41,59.02,8.08,583.8,0.462,0.374
2015,UF,12.0,Acre,0.718,0.809,0.679,0.674,0.523,0.722,0.493,0.402,27.2,10.8,27.4,40.4,73.56,87.53,81.53,69.8,51.41,59.27,7.95,531.35,0.549,0.537
2015,UF,13.0,Amazonas,0.711,0.777,0.686,0.673,0.535,0.685,0.552,0.406,24.6,11.9,19.6,39.6,71.61,88.96,85.75,60.04,43.25,66.83,9.13,528.65,0.553,0.544
2015,UF,14.0,Roraima,0.748,0.768,0.758,0.719,0.577,0.684,0.62,0.454,22.8,10.9,18.2,36.8,71.1,96.18,92.28,70.04,56.49,70.15,9.67,703.36,0.537,0.504
2015,UF,15.0,Pará,0.689,0.781,0.638,0.656,0.527,0.694,0.508,0.415,23.5,11.2,20.4,36.7,71.84,92.88,85.17,52.14,40.68,56.71,7.95,473.62,0.514,0.471
2015,UF,16.0,Amapá,0.728,0.811,0.69,0.69,0.546,0.703,0.558,0.415,25.0,13.3,19.2,39.8,73.65,86.04,78.05,64.59,47.51,68.93,9.41,585.99,0.547,0.531
2015,UF,17.0,Tocantins,0.73,0.8,0.707,0.688,0.559,0.714,0.537,0.456,23.4,10.8,24.1,33.7,73.01,94.8,90.42,66.27,51.85,61.38,8.29,579.19,0.507,0.446
2015,UF,21.0,Maranhão,0.669,0.754,0.649,0.613,0.493,0.654,0.466,0.393,26.4,13.2,28.2,35.9,70.25,97.47,88.87,59.13,42.6,52.66,7.08,362.31,0.495,0.441
2015,UF,22.0,Piauí,0.689,0.763,0.643,0.668,0.514,0.673,0.473,0.426,25.5,11.8,26.5,36.3,70.76,98.24,87.08,58.0,44.82,51.41,7.28,511.42,0.52,0.494
2015,UF,23.0,Ceará,0.715,0.808,0.689,0.657,0.528,0.726,0.502,0.405,26.1,10.1,27.2,38.3,73.49,95.4,89.82,67.1,52.98,56.17,7.48,478.58,0.528,0.501
2015,UF,24.0,Rio Grande do Norte,0.733,0.84,0.683,0.687,0.561,0.76,0.533,0.435,23.5,9.5,22.0,36.7,75.38,98.38,90.32,62.35,47.78,57.15,8.18,574.89,0.518,0.491
2015,UF,25.0,Paraíba,0.703,0.797,0.644,0.678,0.523,0.711,0.471,0.427,25.6,10.8,26.8,37.0,72.79,95.19,86.37,56.24,48.27,52.27,7.48,543.81,0.531,0.504
2015,UF,26.0,Pernambuco,0.722,0.806,0.678,0.688,0.533,0.732,0.512,0.404,26.2,9.2,24.5,41.3,73.37,95.51,84.87,62.5,51.01,57.79,8.18,579.46,0.567,0.583
2015,UF,27.0,Alagoas,0.666,0.769,0.605,0.636,0.483,0.673,0.425,0.394,27.5,12.5,29.7,38.1,71.16,93.76,80.28,54.6,37.59,49.94,6.99,418.37,0.525,0.494
2015,UF,28.0,Sergipe,0.697,0.788,0.633,0.68,0.526,0.703,0.479,0.432,24.6,10.8,24.4,36.5,72.3,98.3,84.71,49.67,39.09,54.9,7.93,549.06,0.539,0.515
2015,UF,29.0,Bahia,0.701,0.803,0.64,0.671,0.522,0.712,0.479,0.417,25.5,11.3,25.2,37.8,73.16,97.68,86.17,51.2,39.86,55.64,7.93,520.0,0.522,0.489
2015,UF,31.0,Minas Gerais,0.774,0.866,0.727,0.736,0.627,0.798,0.607,0.509,19.0,7.9,16.5,30.8,76.96,96.61,96.96,69.34,55.8,60.4,8.76,781.44,0.485,0.411
2015,UF,32.0,Espírito Santo,0.776,0.882,0.726,0.731,0.62,0.817,0.602,0.485,20.2,7.4,17.1,33.7,77.89,96.11,90.71,68.53,52.7,64.49,9.07,758.07,0.505,0.442
2015,UF,33.0,Rio de Janeiro,0.785,0.848,0.752,0.758,0.638,0.778,0.661,0.504,18.7,8.2,12.1,33.5,75.88,96.69,86.84,64.82,56.25,73.34,10.11,896.6,0.503,0.432
2015,UF,35.0,São Paulo,0.823,0.88,0.811,0.782,0.678,0.818,0.706,0.54,17.6,7.0,13.0,30.9,77.78,96.22,96.04,84.47,65.98,72.59,10.13,1038.98,0.513,0.449
2015,UF,41.0,Paraná,0.786,0.862,0.747,0.754,0.644,0.8,0.621,0.538,18.0,7.2,16.9,28.6,76.72,92.43,92.47,73.49,61.24,65.16,9.17,873.96,0.453,0.351
2015,UF,42.0,Santa Catarina,0.809,0.896,0.769,0.769,0.689,0.837,0.671,0.582,14.9,6.6,12.7,24.3,78.76,94.63,92.32,80.05,61.48,67.52,9.47,959.5,0.414,0.292
2015,UF,43.0,Rio Grande do Sul,0.787,0.875,0.717,0.776,0.659,0.814,0.631,0.556,16.3,7.0,12.0,28.4,77.49,89.07,93.52,68.64,51.22,64.45,9.56,1001.71,0.466,0.38
2015,UF,50.0,Mato Grosso do Sul,0.74,0.837,0.667,0.726,0.597,0.757,0.539,0.522,19.3,9.5,19.2,28.1,75.22,96.65,90.08,56.89,44.05,57.5,8.5,732.94,0.449,0.341
2015,UF,51.0,Mato Grosso,0.77,0.816,0.767,0.729,0.616,0.73,0.615,0.52,20.0,10.6,19.8,28.7,73.95,95.34,92.68,82.07,58.02,66.97,8.74,746.52,0.443,0.337
2015,UF,52.0,Goiás,0.755,0.815,0.722,0.731,0.613,0.734,0.595,0.528,18.8,9.9,17.6,27.8,73.92,89.6,92.64,69.68,54.72,64.05,9.01,755.14,0.456,0.352
2015,UF,53.0,Distrito Federal,0.837,0.879,0.789,0.847,0.662,0.815,0.691,0.514,21.0,7.3,12.4,39.3,77.75,91.3,92.88,68.6,59.71,80.62,11.19,1553.68,0.58,0.615
2016,UF,11.0,Rondônia,0.715,0.772,0.691,0.686,0.556,0.679,0.54,0.469,22.2,12.0,21.8,31.6,71.3,92.16,88.48,66.76,48.27,60.48,8.1,572.81,0.465,0.377
2016,UF,12.0,Acre,0.723,0.815,0.704,0.66,0.526,0.729,0.508,0.393,27.2,10.5,27.8,40.4,73.89,90.53,85.87,69.28,51.19,63.48,7.98,485.71,0.564,0.573
2016,UF,13.0,Amazonas,0.711,0.781,0.705,0.654,0.529,0.69,0.563,0.382,25.6,11.6,20.2,41.6,71.85,88.87,87.19,63.31,47.4,68.1,9.11,467.19,0.558,0.552
2016,UF,14.0,Roraima,0.752,0.774,0.771,0.714,0.573,0.691,0.61,0.446,23.9,10.7,20.9,37.6,71.41,94.69,94.13,67.72,58.49,73.81,9.75,679.72,0.537,0.511
2016,UF,15.0,Pará,0.687,0.784,0.641,0.646,0.528,0.698,0.513,0.412,23.1,11.0,19.9,36.3,72.03,95.37,86.5,51.92,34.96,58.23,8.1,445.31,0.51,0.465
2016,UF,16.0,Amapá,0.733,0.815,0.709,0.682,0.548,0.708,0.588,0.396,25.2,13.1,17.0,41.9,73.92,87.94,85.55,59.83,46.21,72.99,9.89,557.38,0.554,0.549
2016,UF,17.0,Tocantins,0.734,0.805,0.723,0.679,0.56,0.72,0.536,0.455,23.7,10.6,25.8,33.0,73.29,94.07,94.89,72.26,48.58,62.75,8.28,546.78,0.489,0.423
2016,UF,21.0,Maranhão,0.68,0.759,0.673,0.615,0.497,0.661,0.483,0.384,26.9,12.9,28.2,37.5,70.54,97.98,90.3,64.59,46.06,54.59,7.25,367.42,0.517,0.489
2016,UF,22.0,Piauí,0.685,0.766,0.642,0.655,0.506,0.677,0.469,0.409,26.1,11.6,26.9,37.6,70.94,99.68,89.49,59.64,38.68,51.28,7.34,469.93,0.528,0.508
2016,UF,23.0,Ceará,0.722,0.812,0.708,0.656,0.533,0.732,0.516,0.401,26.2,9.8,27.1,38.9,73.72,98.01,93.45,68.16,51.93,58.53,7.65,473.32,0.543,0.539
2016,UF,24.0,Rio Grande do Norte,0.732,0.844,0.676,0.687,0.554,0.766,0.521,0.427,24.3,9.3,22.9,37.9,75.62,98.6,89.07,57.66,47.27,57.64,8.26,573.92,0.543,0.539
2016,UF,25.0,Paraíba,0.704,0.802,0.657,0.663,0.526,0.719,0.485,0.418,25.3,10.4,26.2,36.9,73.09,97.17,90.94,56.51,48.33,53.01,7.63,495.42,0.527,0.498
2016,UF,26.0,Pernambuco,0.724,0.813,0.69,0.677,0.537,0.741,0.52,0.402,25.9,8.9,24.7,40.6,73.78,98.98,89.15,63.35,47.83,58.58,8.13,540.06,0.567,0.579
2016,UF,27.0,Alagoas,0.68,0.776,0.635,0.637,0.491,0.683,0.448,0.387,27.8,12.0,29.4,39.3,71.54,94.62,86.75,56.26,42.31,52.28,7.21,422.39,0.523,0.5
2016,UF,28.0,Sergipe,0.697,0.793,0.625,0.683,0.504,0.71,0.467,0.386,27.7,10.5,25.3,43.5,72.55,96.76,83.02,51.56,36.77,54.44,7.89,560.5,0.567,0.581
2016,UF,29.0,Bahia,0.705,0.807,0.656,0.662,0.522,0.718,0.485,0.408,26.0,11.0,26.1,38.3,73.4,98.04,89.35,56.03,42.24,55.41,7.75,490.75,0.539,0.532
2016,UF,31.0,Minas Gerais,0.776,0.871,0.739,0.725,0.625,0.805,0.619,0.489,19.5,7.6,16.3,32.6,77.23,96.75,96.12,71.98,59.59,61.36,8.82,728.6,0.491,0.425
2016,UF,32.0,Espírito Santo,0.779,0.887,0.732,0.727,0.618,0.823,0.604,0.475,20.6,7.2,17.5,34.6,78.22,96.66,91.9,67.48,53.46,65.4,9.16,738.04,0.51,0.451
2016,UF,33.0,Rio de Janeiro,0.789,0.853,0.757,0.761,0.633,0.785,0.658,0.492,19.8,8.0,13.1,35.4,76.18,97.06,88.96,65.19,55.05,73.91,10.18,909.43,0.525,0.476
2016,UF,35.0,São Paulo,0.835,0.885,0.837,0.787,0.681,0.825,0.731,0.524,18.5,6.8,12.7,33.4,78.07,97.72,96.6,85.74,72.9,75.47,10.39,1072.88,0.524,0.475
2016,UF,41.0,Paraná,0.797,0.867,0.773,0.756,0.65,0.806,0.638,0.533,18.5,7.0,17.4,29.5,77.02,97.14,92.99,78.67,60.83,68.06,9.3,884.45,0.476,0.392
2016,UF,42.0,Santa Catarina,0.814,0.902,0.785,0.763,0.688,0.843,0.681,0.568,15.5,6.5,13.3,25.5,79.09,97.22,97.28,76.24,65.28,68.64,9.49,921.16,0.421,0.306
2016,UF,43.0,Rio Grande do Sul,0.789,0.88,0.722,0.772,0.656,0.819,0.635,0.543,16.8,6.9,12.1,29.7,77.77,91.95,94.17,63.53,54.36,65.22,9.58,976.02,0.473,0.391
2016,UF,50.0,Mato Grosso do Sul,0.758,0.842,0.698,0.741,0.615,0.764,0.579,0.527,18.8,9.3,17.0,28.9,75.49,94.97,92.12,62.92,46.89,61.77,9.09,805.71,0.47,0.382
2016,UF,51.0,Mato Grosso,0.769,0.82,0.766,0.725,0.61,0.735,0.599,0.516,20.7,10.4,21.8,28.8,74.2,94.77,96.09,82.44,57.02,66.04,8.64,727.13,0.453,0.352
2016,UF,52.0,Goiás,0.764,0.818,0.754,0.724,0.612,0.738,0.614,0.505,20.0,9.8,18.6,30.2,74.09,94.86,95.29,72.37,61.19,65.49,9.04,722.67,0.467,0.374
2016,UF,53.0,Distrito Federal,0.847,0.884,0.822,0.836,0.665,0.82,0.713,0.502,21.5,7.2,13.2,40.0,78.02,93.95,96.23,73.28,66.88,81.26,11.19,1456.83,0.578,0.615
2017,UF,11.0,Rondônia,0.721,0.775,0.699,0.693,0.571,0.684,0.559,0.486,20.9,11.8,20.0,29.9,71.5,93.17,92.24,67.86,49.13,59.81,8.36,596.82,0.447,0.354
2017,UF,12.0,Acre,0.712,0.82,0.671,0.655,0.515,0.736,0.491,0.379,27.6,10.3,26.8,42.2,74.2,87.24,85.99,65.44,46.91,59.32,8.04,471.65,0.545,0.548
2017,UF,13.0,Amazonas,0.728,0.785,0.732,0.672,0.54,0.696,0.6,0.378,25.8,11.4,18.1,43.8,72.08,94.28,90.79,67.0,51.08,68.38,9.49,523.38,0.591,0.63
2017,UF,14.0,Roraima,0.746,0.779,0.764,0.697,0.573,0.696,0.627,0.432,23.1,10.6,17.9,38.0,71.71,96.66,91.4,69.81,54.83,73.01,9.97,613.07,0.526,0.479
2017,UF,15.0,Pará,0.694,0.787,0.657,0.647,0.537,0.702,0.528,0.418,22.6,10.8,19.6,35.4,72.22,94.91,86.15,54.03,41.24,59.52,8.33,447.25,0.506,0.457
2017,UF,16.0,Amapá,0.732,0.82,0.7,0.683,0.547,0.713,0.58,0.395,25.3,13.0,17.2,42.1,74.18,81.03,85.91,64.51,48.4,70.06,9.62,561.52,0.589,0.623
2017,UF,17.0,Tocantins,0.74,0.809,0.729,0.687,0.572,0.726,0.558,0.462,22.7,10.3,23.4,32.7,73.56,97.42,93.46,69.63,52.72,63.1,8.7,575.58,0.495,0.431
2017,UF,21.0,Maranhão,0.685,0.764,0.684,0.616,0.5,0.669,0.492,0.38,27.0,12.5,28.0,38.3,70.83,97.69,91.89,64.27,49.35,55.7,7.45,370.74,0.526,0.507
2017,UF,22.0,Piauí,0.694,0.769,0.665,0.653,0.51,0.681,0.492,0.395,26.5,11.4,26.0,39.5,71.12,98.99,89.92,57.61,49.64,53.63,7.55,464.7,0.529,0.522
2017,UF,23.0,Ceará,0.73,0.816,0.715,0.666,0.541,0.738,0.535,0.402,25.8,9.6,25.2,39.6,73.94,98.91,95.33,67.73,54.5,58.51,8.04,503.66,0.547,0.548
2017,UF,24.0,Rio Grande do Norte,0.728,0.848,0.677,0.672,0.55,0.772,0.529,0.407,24.4,9.0,21.8,39.4,75.87,99.25,91.52,56.84,47.8,56.75,8.25,524.68,0.523,0.503
2017,UF,25.0,Paraíba,0.717,0.807,0.671,0.682,0.531,0.725,0.492,0.419,26.0,10.1,26.7,38.5,73.39,98.17,93.02,58.19,51.89,53.25,7.8,557.71,0.548,0.544
2017,UF,26.0,Pernambuco,0.722,0.819,0.684,0.671,0.539,0.748,0.525,0.399,25.3,8.7,23.2,40.5,74.16,98.99,87.7,60.93,50.07,57.73,8.31,520.08,0.551,0.561
2017,UF,27.0,Alagoas,0.679,0.782,0.634,0.631,0.494,0.691,0.456,0.382,27.2,11.6,28.0,39.5,71.9,95.45,88.26,57.33,41.09,51.26,7.31,405.8,0.525,0.507
2017,UF,28.0,Sergipe,0.699,0.797,0.639,0.67,0.514,0.716,0.488,0.389,26.5,10.2,23.7,42.0,72.8,96.59,89.98,48.43,39.88,55.34,8.06,516.97,0.551,0.555
2017,UF,29.0,Bahia,0.71,0.811,0.655,0.675,0.517,0.723,0.491,0.39,27.2,10.8,25.1,42.2,73.64,96.95,88.32,55.35,42.03,56.27,8.01,534.64,0.59,0.642
2017,UF,31.0,Minas Gerais,0.784,0.875,0.752,0.731,0.632,0.81,0.634,0.492,19.3,7.4,15.7,32.7,77.49,97.57,97.04,75.37,58.57,63.12,9.04,757.43,0.493,0.428
2017,UF,32.0,Espírito Santo,0.78,0.892,0.731,0.727,0.62,0.83,0.61,0.471,20.5,7.0,16.6,35.2,78.53,97.56,93.41,64.96,52.24,65.86,9.36,739.68,0.506,0.446
2017,UF,33.0,Rio de Janeiro,0.791,0.858,0.762,0.757,0.635,0.791,0.669,0.485,19.6,7.8,12.2,35.9,76.47,95.26,90.55,67.55,56.2,73.89,10.31,891.0,0.519,0.464
2017,UF,35.0,São Paulo,0.831,0.889,0.826,0.781,0.677,0.83,0.729,0.513,18.5,6.6,11.8,34.3,78.35,97.16,96.55,83.91,71.18,74.17,10.37,1029.92,0.526,0.482
2017,UF,41.0,Paraná,0.797,0.872,0.764,0.759,0.646,0.813,0.635,0.522,18.9,6.8,16.9,31.2,77.32,97.77,95.5,76.02,59.98,65.88,9.32,900.0,0.481,0.4
2017,UF,42.0,Santa Catarina,0.817,0.907,0.778,0.772,0.694,0.85,0.684,0.576,15.0,6.3,12.1,25.4,79.4,97.05,96.91,75.28,62.63,68.32,9.72,978.64,0.414,0.294
2017,UF,43.0,Rio Grande do Sul,0.793,0.884,0.727,0.776,0.659,0.825,0.64,0.542,16.9,6.7,11.9,30.1,78.04,92.16,94.87,64.77,56.16,64.92,9.6,998.33,0.481,0.41
2017,UF,50.0,Mato Grosso do Sul,0.762,0.846,0.708,0.738,0.614,0.769,0.59,0.511,19.4,9.1,16.7,30.8,75.74,96.67,89.65,64.57,50.01,62.77,9.21,791.4,0.464,0.371
2017,UF,51.0,Mato Grosso,0.77,0.824,0.757,0.733,0.614,0.74,0.606,0.515,20.3,10.2,19.9,29.7,74.44,95.61,97.62,80.58,52.73,65.16,8.99,766.18,0.463,0.37
2017,UF,52.0,Goiás,0.765,0.821,0.743,0.735,0.613,0.742,0.613,0.506,19.9,9.6,17.5,31.2,74.26,95.24,95.21,70.68,58.77,64.18,9.18,777.03,0.477,0.396
2017,UF,53.0,Distrito Federal,0.842,0.888,0.797,0.842,0.654,0.825,0.699,0.485,22.3,7.1,12.3,42.4,78.27,93.25,95.32,65.99,65.23,79.29,11.33,1508.91,0.593,0.662
2018,UF,11.0,Rondônia,0.73,0.778,0.705,0.71,0.572,0.687,0.571,0.476,21.7,11.7,19.0,32.9,71.69,95.5,93.55,65.46,55.02,58.41,8.58,663.76,0.496,0.431
2018,UF,12.0,Acre,0.733,0.825,0.706,0.676,0.531,0.743,0.532,0.379,27.6,10.0,24.6,44.0,74.51,87.12,87.52,68.23,55.06,63.32,8.61,536.77,0.557,0.589
2018,UF,13.0,Amazonas,0.718,0.789,0.717,0.655,0.547,0.701,0.599,0.39,23.9,11.2,16.5,40.5,72.31,90.34,88.85,65.93,48.85,68.13,9.62,470.59,0.544,0.538
2018,UF,14.0,Roraima,0.76,0.784,0.774,0.723,0.562,0.702,0.637,0.396,26.1,10.5,17.7,45.2,72.01,95.54,90.7,72.3,61.04,72.48,10.08,718.35,0.566,0.57
2018,UF,15.0,Pará,0.707,0.79,0.671,0.667,0.531,0.706,0.545,0.39,24.9,10.6,18.8,41.6,72.41,95.46,86.05,58.49,44.01,59.99,8.6,508.36,0.562,0.573
2018,UF,16.0,Amapá,0.741,0.824,0.742,0.666,0.551,0.718,0.61,0.381,25.7,12.9,17.8,42.8,74.42,92.06,90.73,65.45,53.99,71.58,9.84,506.21,0.546,0.546
2018,UF,17.0,Tocantins,0.749,0.814,0.741,0.698,0.572,0.732,0.575,0.445,23.7,10.1,22.4,36.3,73.81,98.2,94.82,74.62,56.93,61.75,8.74,617.0,0.529,0.502
2018,UF,21.0,Maranhão,0.686,0.769,0.685,0.613,0.496,0.676,0.503,0.359,27.7,12.1,26.5,41.4,71.11,98.47,90.61,66.08,47.73,56.22,7.72,362.29,0.528,0.517
2018,UF,22.0,Piauí,0.699,0.772,0.671,0.658,0.513,0.686,0.502,0.393,26.5,11.2,25.2,40.3,71.3,98.73,88.54,60.6,50.44,54.35,7.66,481.46,0.53,0.534
2018,UF,23.0,Ceará,0.739,0.819,0.74,0.666,0.55,0.743,0.56,0.4,25.6,9.3,24.3,40.0,74.15,99.45,94.43,75.44,59.27,60.07,8.22,506.02,0.547,0.553
2018,UF,24.0,Rio Grande do Norte,0.739,0.851,0.69,0.686,0.554,0.776,0.543,0.403,25.0,8.8,21.3,41.2,76.08,99.09,93.24,53.9,51.82,59.07,8.57,569.89,0.54,0.547
2018,UF,25.0,Paraíba,0.711,0.812,0.658,0.672,0.52,0.732,0.484,0.398,26.8,9.8,26.5,40.8,73.69,96.66,89.15,58.07,50.67,52.54,7.69,525.07,0.549,0.555
2018,UF,26.0,Pernambuco,0.735,0.826,0.719,0.669,0.553,0.756,0.562,0.399,24.7,8.5,21.9,40.3,74.53,97.94,91.6,64.13,57.81,61.27,8.72,512.75,0.534,0.527
2018,UF,27.0,Alagoas,0.689,0.788,0.651,0.637,0.49,0.7,0.468,0.359,28.9,11.2,28.1,43.7,72.25,96.31,91.0,57.45,45.21,52.37,7.6,421.03,0.55,0.558
2018,UF,28.0,Sergipe,0.71,0.801,0.66,0.676,0.514,0.722,0.507,0.37,27.7,9.9,23.2,45.3,73.05,97.34,90.72,47.65,46.71,57.65,8.29,538.12,0.577,0.619
2018,UF,29.0,Bahia,0.71,0.815,0.66,0.664,0.518,0.729,0.494,0.387,26.9,10.5,25.1,41.7,73.87,98.21,89.04,53.59,44.66,56.44,8.12,499.19,0.55,0.559
2018,UF,31.0,Minas Gerais,0.784,0.879,0.748,0.733,0.634,0.816,0.63,0.495,19.2,7.2,15.8,32.5,77.73,98.08,96.52,74.82,58.6,62.31,9.07,767.86,0.492,0.424
2018,UF,32.0,Espírito Santo,0.788,0.897,0.743,0.735,0.635,0.836,0.635,0.482,19.5,6.8,14.6,34.4,78.83,97.05,93.23,66.43,57.46,66.47,9.53,773.16,0.509,0.453
2018,UF,33.0,Rio de Janeiro,0.805,0.863,0.781,0.774,0.643,0.797,0.699,0.478,20.0,7.6,10.5,38.2,76.76,96.49,92.58,68.74,60.35,75.42,10.68,988.94,0.543,0.516
2018,UF,35.0,São Paulo,0.837,0.894,0.829,0.791,0.683,0.836,0.734,0.52,18.4,6.5,11.5,34.3,78.63,97.87,96.3,83.1,71.93,74.81,10.52,1099.62,0.538,0.511
2018,UF,41.0,Paraná,0.805,0.877,0.777,0.766,0.654,0.819,0.657,0.519,18.9,6.6,15.5,32.3,77.61,98.63,95.98,76.64,63.96,66.74,9.57,937.67,0.492,0.425
2018,UF,42.0,Santa Catarina,0.819,0.912,0.78,0.772,0.698,0.855,0.688,0.577,14.8,6.2,11.8,25.2,79.7,98.04,96.65,75.21,62.36,68.63,9.84,974.74,0.417,0.296
2018,UF,43.0,Rio Grande do Sul,0.797,0.888,0.736,0.775,0.66,0.829,0.654,0.531,17.1,6.6,11.1,31.5,78.3,91.24,95.75,67.14,57.1,65.87,9.76,994.83,0.486,0.416
2018,UF,50.0,Mato Grosso do Sul,0.77,0.85,0.715,0.75,0.616,0.774,0.601,0.503,20.0,8.9,16.0,33.0,76.0,93.56,91.93,67.05,50.41,63.68,9.32,849.52,0.49,0.423
2018,UF,51.0,Mato Grosso,0.778,0.828,0.764,0.744,0.624,0.744,0.628,0.52,19.8,10.1,17.8,30.1,74.68,96.65,95.85,77.86,61.17,64.79,9.25,819.61,0.465,0.369
2018,UF,52.0,Goiás,0.771,0.824,0.757,0.735,0.62,0.747,0.638,0.5,19.6,9.4,15.7,32.0,74.42,95.58,95.81,70.23,59.99,67.1,9.5,775.46,0.47,0.383
2018,UF,53.0,Distrito Federal,0.845,0.892,0.808,0.836,0.661,0.83,0.715,0.487,21.7,6.9,11.5,41.7,78.52,94.38,92.84,73.68,65.26,79.26,11.33,1457.06,0.57,0.597
2019,UF,11.0,Rondônia,0.73,0.781,0.707,0.705,0.578,0.691,0.583,0.479,20.9,11.5,17.5,32.1,71.88,87.05,96.84,67.84,49.47,62.42,8.92,644.99,0.472,0.391
2019,UF,12.0,Acre,0.739,0.83,0.728,0.668,0.533,0.749,0.555,0.365,27.8,9.8,23.7,45.4,74.78,90.65,92.57,72.97,55.09,63.79,8.76,509.57,0.559,0.588
2019,UF,13.0,Amazonas,0.726,0.792,0.735,0.658,0.549,0.705,0.62,0.379,24.4,11.0,15.6,42.4,72.53,91.16,92.33,64.61,51.78,70.65,9.82,479.55,0.566,0.587
2019,UF,14.0,Roraima,0.749,0.788,0.767,0.696,0.564,0.706,0.644,0.394,24.8,10.4,16.1,43.4,72.29,92.18,89.54,72.16,55.64,75.43,10.21,607.23,0.579,0.615
2019,UF,15.0,Pará,0.704,0.793,0.677,0.651,0.537,0.711,0.551,0.395,23.8,10.4,18.6,39.4,72.59,93.83,86.52,60.61,43.46,61.43,8.66,458.68,0.528,0.504
2019,UF,16.0,Amapá,0.737,0.828,0.728,0.665,0.567,0.723,0.606,0.415,23.2,12.7,16.7,37.6,74.66,79.67,92.46,63.44,55.61,72.84,9.79,501.53,0.513,0.464
2019,UF,17.0,Tocantins,0.751,0.818,0.747,0.693,0.566,0.737,0.585,0.421,24.6,9.9,21.7,39.2,74.05,98.08,95.5,72.03,59.52,62.95,8.89,598.77,0.53,0.504
2019,UF,21.0,Maranhão,0.694,0.773,0.704,0.614,0.504,0.682,0.52,0.36,27.4,11.8,26.1,41.3,71.39,98.5,92.56,67.05,52.82,57.82,7.84,366.24,0.531,0.53
2019,UF,22.0,Piauí,0.706,0.775,0.692,0.657,0.512,0.69,0.512,0.381,27.4,11.0,26.0,42.0,71.47,100.0,92.98,59.94,56.78,55.23,7.64,478.02,0.537,0.543
2019,UF,23.0,Ceará,0.744,0.823,0.74,0.677,0.553,0.748,0.561,0.403,25.7,9.1,24.2,40.5,74.37,99.2,95.09,75.89,57.54,60.32,8.31,540.61,0.562,0.588
2019,UF,24.0,Rio Grande do Norte,0.742,0.855,0.689,0.693,0.552,0.781,0.544,0.396,25.6,8.6,21.1,42.8,76.29,98.88,92.76,56.98,46.99,59.85,8.68,595.13,0.554,0.571
2019,UF,25.0,Paraíba,0.713,0.816,0.66,0.672,0.517,0.738,0.492,0.38,27.4,9.5,25.4,43.4,73.96,96.45,91.74,58.49,46.69,53.52,7.92,523.09,0.561,0.588
2019,UF,26.0,Pernambuco,0.74,0.831,0.718,0.68,0.545,0.762,0.556,0.382,26.4,8.3,22.6,43.8,74.88,97.44,89.51,66.72,58.8,60.72,8.64,549.29,0.574,0.605
2019,UF,27.0,Alagoas,0.687,0.793,0.643,0.636,0.5,0.707,0.469,0.378,27.1,10.8,27.0,40.5,72.6,95.06,91.86,58.04,39.56,52.56,7.6,419.89,0.527,0.508
2019,UF,28.0,Sergipe,0.705,0.805,0.639,0.682,0.514,0.728,0.498,0.375,27.1,9.6,22.1,45.0,73.29,96.46,85.59,48.67,39.81,57.24,8.39,556.32,0.581,0.618
2019,UF,29.0,Bahia,0.718,0.818,0.672,0.673,0.529,0.735,0.513,0.392,26.4,10.2,23.7,41.8,74.09,98.29,89.69,55.34,43.67,58.99,8.38,526.67,0.557,0.577
2019,UF,31.0,Minas Gerais,0.793,0.883,0.77,0.734,0.644,0.821,0.653,0.498,18.8,7.0,15.2,32.2,77.97,99.37,97.79,78.48,63.3,63.69,9.17,771.16,0.487,0.423
2019,UF,32.0,Espírito Santo,0.793,0.902,0.741,0.747,0.634,0.842,0.628,0.482,20.1,6.6,15.2,35.5,79.12,98.64,94.93,62.98,56.87,66.15,9.66,833.57,0.52,0.479
2019,UF,33.0,Rio de Janeiro,0.809,0.867,0.78,0.783,0.643,0.802,0.695,0.478,20.5,7.5,10.9,39.0,77.04,95.87,91.45,69.41,59.13,75.95,10.76,1044.95,0.552,0.542
2019,UF,35.0,São Paulo,0.845,0.898,0.849,0.791,0.696,0.841,0.755,0.531,17.6,6.3,11.1,32.9,78.87,98.34,97.81,84.84,78.2,75.91,10.58,1096.85,0.526,0.489
2019,UF,41.0,Paraná,0.807,0.882,0.779,0.764,0.661,0.826,0.667,0.525,18.0,6.4,14.4,31.3,77.89,96.15,95.96,75.49,64.05,68.93,9.78,926.61,0.477,0.397
2019,UF,42.0,Santa Catarina,0.826,0.916,0.794,0.776,0.705,0.861,0.702,0.58,14.7,6.0,11.6,25.2,79.98,97.13,97.65,75.86,64.66,71.17,9.99,1000.82,0.421,0.303
2019,UF,43.0,Rio Grande do Sul,0.801,0.893,0.735,0.783,0.668,0.836,0.653,0.547,16.6,6.4,11.2,30.2,78.55,95.22,93.84,66.21,51.81,67.32,9.9,1047.74,0.482,0.411
2019,UF,50.0,Mato Grosso do Sul,0.777,0.854,0.731,0.752,0.63,0.78,0.622,0.516,18.9,8.7,14.9,31.4,76.24,96.49,91.82,66.67,53.01,65.95,9.7,860.55,0.483,0.403
2019,UF,51.0,Mato Grosso,0.779,0.832,0.771,0.738,0.634,0.75,0.648,0.524,18.7,9.9,16.0,29.0,74.91,95.58,97.24,78.06,59.83,67.02,9.45,791.12,0.454,0.365
2019,UF,52.0,Goiás,0.774,0.827,0.77,0.729,0.624,0.75,0.644,0.504,19.3,9.3,16.3,30.8,74.59,92.37,96.08,76.65,65.33,66.87,9.5,749.17,0.459,0.362
2019,UF,53.0,Distrito Federal,0.859,0.896,0.842,0.841,0.691,0.835,0.752,0.525,19.6,6.8,10.7,37.6,78.76,96.38,97.31,78.64,70.58,81.15,11.65,1498.74,0.553,0.563
2020,UF,11.0,Rondônia,0.739,0.77,0.743,0.704,0.598,0.674,0.628,0.505,19.0,12.5,15.5,28.2,71.2,87.99,96.32,72.54,60.15,65.16,9.24,640.9,0.438,0.327
2020,UF,12.0,Acre,0.746,0.825,0.753,0.668,0.564,0.738,0.587,0.415,24.3,10.6,22.0,37.8,74.47,87.07,93.55,76.66,60.68,67.58,9.14,512.47,0.515,0.481
2020,UF,13.0,Amazonas,0.727,0.783,0.748,0.657,0.56,0.691,0.637,0.399,23.0,11.8,14.8,39.2,71.99,85.59,92.39,65.13,60.45,72.67,10.02,478.39,0.533,0.503
2020,UF,14.0,Roraima,0.739,0.783,0.759,0.68,0.568,0.694,0.65,0.407,23.1,11.4,14.3,40.2,72.0,85.15,93.43,66.93,56.85,76.56,10.47,548.93,0.54,0.511
2020,UF,15.0,Pará,0.719,0.784,0.713,0.664,0.567,0.696,0.59,0.444,21.1,11.2,17.2,33.2,72.02,92.04,92.3,64.66,51.76,64.17,8.99,498.33,0.48,0.4
2020,UF,16.0,Amapá,0.724,0.815,0.701,0.663,0.559,0.7,0.594,0.421,22.7,14.1,15.2,36.5,73.91,70.88,93.11,63.94,47.79,72.47,10.02,494.32,0.5,0.446
2020,UF,17.0,Tocantins,0.755,0.817,0.763,0.691,0.589,0.73,0.611,0.459,22.0,10.7,19.9,33.6,74.02,91.92,98.29,69.88,67.09,66.43,9.24,588.48,0.485,0.402
2020,UF,21.0,Maranhão,0.699,0.758,0.726,0.621,0.53,0.662,0.555,0.406,24.2,12.7,23.6,34.7,70.45,95.92,91.07,70.36,58.15,61.4,8.28,382.11,0.482,0.414
2020,UF,22.0,Piauí,0.708,0.768,0.7,0.659,0.537,0.676,0.526,0.436,24.1,12.0,24.9,33.8,71.06,98.13,91.43,62.46,58.87,56.77,7.94,482.64,0.473,0.408
2020,UF,23.0,Ceará,0.755,0.822,0.766,0.684,0.571,0.741,0.599,0.419,24.4,9.8,21.8,38.8,74.29,95.88,96.8,78.15,64.45,63.98,8.84,565.81,0.544,0.526
2020,UF,24.0,Rio Grande do Norte,0.75,0.855,0.71,0.695,0.583,0.775,0.576,0.445,22.2,9.4,18.9,36.0,76.28,93.64,95.17,64.44,49.16,62.7,9.1,603.61,0.512,0.458
2020,UF,25.0,Paraíba,0.714,0.816,0.673,0.664,0.543,0.732,0.52,0.42,24.1,10.3,22.8,36.8,73.93,88.71,93.27,64.76,45.93,56.77,8.29,497.15,0.512,0.466
2020,UF,26.0,Pernambuco,0.739,0.831,0.729,0.667,0.562,0.757,0.581,0.404,24.0,8.9,20.3,39.5,74.88,91.71,91.34,66.73,63.77,62.96,9.0,509.32,0.536,0.511
2020,UF,27.0,Alagoas,0.694,0.786,0.66,0.645,0.517,0.696,0.486,0.409,25.5,11.5,26.4,36.6,72.15,90.14,93.78,57.5,44.75,56.29,8.01,443.65,0.51,0.461
2020,UF,28.0,Sergipe,0.722,0.803,0.682,0.687,0.551,0.72,0.544,0.427,23.6,10.3,20.2,37.8,73.18,96.73,91.16,53.39,45.99,61.53,8.81,574.03,0.524,0.486
2020,UF,29.0,Bahia,0.724,0.811,0.69,0.679,0.549,0.721,0.535,0.428,24.2,11.1,22.5,36.9,73.66,93.25,90.57,59.89,47.97,61.69,8.72,547.09,0.537,0.51
2020,UF,31.0,Minas Gerais,0.789,0.878,0.767,0.729,0.65,0.812,0.657,0.515,17.6,7.5,14.4,29.4,77.7,94.25,97.97,78.06,62.28,65.42,9.37,745.24,0.461,0.368
2020,UF,32.0,Espírito Santo,0.792,0.895,0.758,0.733,0.641,0.832,0.651,0.487,19.0,7.0,14.1,33.5,78.68,92.6,95.58,71.56,59.84,68.32,9.94,764.29,0.484,0.4
2020,UF,33.0,Rio de Janeiro,0.785,0.804,0.781,0.77,0.623,0.732,0.703,0.47,20.6,8.9,10.0,38.9,73.24,86.76,94.78,72.61,59.28,77.52,10.93,961.32,0.548,0.512
2020,UF,35.0,São Paulo,0.823,0.844,0.847,0.781,0.674,0.779,0.759,0.517,18.2,7.7,10.4,33.8,75.63,93.8,97.94,84.12,78.41,77.46,10.8,1032.89,0.522,0.471
2020,UF,41.0,Paraná,0.787,0.82,0.791,0.751,0.642,0.754,0.681,0.516,18.4,8.0,13.9,31.3,74.2,91.49,94.19,81.39,68.67,70.15,10.0,854.53,0.462,0.36
2020,UF,42.0,Santa Catarina,0.803,0.858,0.79,0.763,0.685,0.795,0.707,0.572,14.6,7.3,10.5,25.0,76.47,90.31,97.26,74.81,66.24,73.1,10.21,925.29,0.412,0.285
2020,UF,43.0,Rio Grande do Sul,0.78,0.831,0.739,0.774,0.651,0.766,0.661,0.546,16.6,7.8,10.6,29.5,74.88,87.8,95.23,68.15,56.2,68.53,10.08,990.06,0.476,0.392
2020,UF,50.0,Mato Grosso do Sul,0.76,0.789,0.747,0.744,0.614,0.705,0.636,0.516,19.2,10.6,14.8,30.7,72.34,92.48,94.44,69.61,55.0,68.79,9.89,821.8,0.469,0.388
2020,UF,51.0,Mato Grosso,0.756,0.769,0.765,0.735,0.614,0.676,0.656,0.523,18.8,12.1,14.3,28.8,71.16,91.73,95.69,77.24,55.9,69.81,9.85,777.37,0.462,0.366
2020,UF,52.0,Goiás,0.758,0.763,0.79,0.722,0.617,0.677,0.676,0.513,18.6,11.3,14.4,28.9,70.76,93.71,96.64,77.2,70.12,69.17,9.79,713.76,0.445,0.335
2020,UF,53.0,Distrito Federal,0.829,0.836,0.825,0.827,0.661,0.765,0.746,0.507,20.3,8.5,9.6,38.7,75.17,86.19,97.23,76.08,70.95,82.18,11.82,1377.92,0.548,0.535
2021,UF,11.0,Rondônia,0.7,0.731,0.694,0.677,0.547,0.632,0.568,0.456,21.8,13.5,18.1,32.6,68.86,80.94,94.24,65.52,48.54,63.89,8.99,541.74,0.458,0.408
2021,UF,12.0,Acre,0.71,0.788,0.692,0.655,0.521,0.698,0.545,0.372,26.5,11.4,21.2,43.2,72.26,80.16,86.88,60.48,50.11,68.75,9.3,471.54,0.539,0.542
2021,UF,13.0,Amazonas,0.7,0.744,0.72,0.641,0.532,0.65,0.613,0.378,24.0,12.7,14.9,41.0,69.61,75.06,92.13,65.27,51.67,73.89,10.1,432.99,0.541,0.527
2021,UF,14.0,Roraima,0.699,0.745,0.673,0.68,0.519,0.653,0.568,0.376,25.8,12.4,15.6,44.7,69.71,64.24,81.28,57.02,51.6,75.49,10.47,549.54,0.596,0.609
2021,UF,15.0,Pará,0.69,0.744,0.686,0.645,0.527,0.655,0.569,0.392,23.7,12.0,17.0,39.2,69.62,87.08,89.93,56.61,49.06,64.68,9.15,442.82,0.529,0.503
2021,UF,16.0,Amapá,0.688,0.778,0.647,0.648,0.523,0.659,0.558,0.388,24.1,15.3,13.8,40.1,71.7,65.89,93.66,38.03,44.77,73.59,10.35,451.27,0.529,0.467
2021,UF,17.0,Tocantins,0.731,0.779,0.732,0.684,0.568,0.689,0.58,0.458,22.2,11.5,20.7,33.0,71.74,81.91,91.77,75.71,57.33,66.68,9.32,564.61,0.513,0.463
2021,UF,21.0,Maranhão,0.676,0.715,0.716,0.603,0.493,0.619,0.546,0.354,27.1,13.4,23.7,41.3,67.9,91.56,95.11,67.08,54.17,61.82,8.32,341.32,0.53,0.503
2021,UF,22.0,Piauí,0.69,0.726,0.698,0.649,0.509,0.633,0.527,0.395,26.3,12.8,24.5,39.1,68.57,96.79,91.05,62.4,57.19,57.44,8.09,452.75,0.516,0.499
2021,UF,23.0,Ceará,0.734,0.784,0.766,0.658,0.543,0.702,0.597,0.383,26.0,10.5,22.1,41.8,72.02,95.26,95.99,75.89,67.14,64.41,8.73,480.55,0.549,0.558
2021,UF,24.0,Rio Grande do Norte,0.728,0.819,0.68,0.692,0.537,0.736,0.55,0.383,26.2,10.1,19.1,44.7,74.16,88.07,93.57,56.43,43.08,63.64,9.19,593.46,0.587,0.639
2021,UF,25.0,Paraíba,0.698,0.779,0.669,0.653,0.514,0.694,0.506,0.386,26.4,10.9,24.4,40.9,71.72,87.1,91.54,60.64,50.08,57.26,8.16,465.74,0.562,0.563
2021,UF,26.0,Pernambuco,0.719,0.797,0.721,0.647,0.53,0.72,0.571,0.362,26.3,9.6,20.8,44.0,72.83,85.84,93.23,68.11,59.16,64.02,8.92,447.97,0.579,0.609
2021,UF,27.0,Alagoas,0.684,0.748,0.679,0.63,0.505,0.657,0.517,0.38,26.1,12.2,23.9,39.7,69.87,86.52,94.51,62.01,46.15,59.88,8.44,404.28,0.526,0.492
2021,UF,28.0,Sergipe,0.702,0.764,0.684,0.662,0.522,0.68,0.551,0.38,25.6,11.0,19.5,42.6,70.85,88.2,92.63,56.31,49.05,62.46,8.79,492.78,0.568,0.591
2021,UF,29.0,Bahia,0.691,0.772,0.659,0.648,0.507,0.68,0.502,0.382,26.6,11.9,23.8,41.1,71.34,85.01,86.0,56.4,44.82,61.7,8.53,451.59,0.546,0.536
2021,UF,31.0,Minas Gerais,0.774,0.846,0.762,0.718,0.625,0.777,0.656,0.478,19.2,8.1,13.9,33.4,75.75,89.94,98.06,73.63,64.43,66.47,9.57,699.24,0.487,0.423
2021,UF,32.0,Espírito Santo,0.771,0.864,0.742,0.715,0.611,0.798,0.634,0.45,20.8,7.6,14.6,37.1,76.86,93.98,95.12,65.69,53.64,68.68,9.85,684.63,0.508,0.452
2021,UF,33.0,Rio de Janeiro,0.762,0.769,0.758,0.759,0.592,0.696,0.681,0.438,22.3,9.5,10.2,42.3,71.12,82.37,90.65,68.81,57.6,77.62,11.04,901.42,0.565,0.549
2021,UF,35.0,São Paulo,0.806,0.81,0.839,0.771,0.654,0.744,0.752,0.5,18.9,8.2,10.4,35.2,73.61,90.78,97.37,82.19,77.13,78.28,10.92,971.82,0.533,0.495
2021,UF,41.0,Paraná,0.769,0.785,0.78,0.744,0.628,0.718,0.676,0.51,18.4,8.5,13.3,31.4,72.11,91.56,96.05,75.09,65.52,70.37,10.12,817.79,0.475,0.382
2021,UF,42.0,Santa Catarina,0.792,0.827,0.79,0.759,0.67,0.762,0.698,0.565,15.4,7.8,11.6,25.6,74.6,91.16,93.3,78.58,63.51,73.96,10.27,901.2,0.424,0.302
2021,UF,43.0,Rio Grande do Sul,0.771,0.797,0.75,0.767,0.642,0.731,0.674,0.536,16.8,8.3,10.1,30.1,72.84,89.48,94.92,68.96,55.33,70.79,10.35,944.53,0.468,0.38
2021,UF,50.0,Mato Grosso do Sul,0.742,0.751,0.741,0.733,0.595,0.666,0.635,0.497,19.8,11.3,14.3,32.2,70.03,89.76,95.26,65.92,58.01,68.35,9.94,767.68,0.496,0.429
2021,UF,51.0,Mato Grosso,0.736,0.73,0.758,0.72,0.588,0.635,0.638,0.503,20.0,13.0,15.8,30.2,68.77,85.54,96.1,74.27,58.18,70.58,9.83,707.48,0.461,0.363
2021,UF,52.0,Goiás,0.737,0.721,0.778,0.714,0.591,0.634,0.658,0.496,19.8,12.1,15.4,30.6,68.28,86.44,95.82,78.63,66.11,70.38,9.85,679.62,0.467,0.367
2021,UF,53.0,Distrito Federal,0.814,0.803,0.817,0.821,0.637,0.729,0.745,0.475,21.7,9.2,8.8,42.1,73.16,83.26,93.21,76.76,66.01,85.65,12.2,1326.87,0.566,0.589
2012,RM_RIDE,13.0,Região Metropolitana de Manaus (AM),0.722,0.749,0.695,0.722,0.549,0.64,0.598,0.433,23.9,14.5,14.0,40.0,69.91,88.38,88.11,56.88,43.62,70.0,9.76,715.3,0.581,0.587
2012,RM_RIDE,15.0,Região Metropolitana de Belém (PA),0.732,0.806,0.695,0.7,0.579,0.717,0.603,0.448,20.9,11.0,13.2,36.0,73.33,91.24,87.61,54.82,42.84,70.42,9.63,623.75,0.507,0.449
2012,RM_RIDE,16.0,Região Metropolitana de Macapá (AP),0.718,0.782,0.684,0.691,0.55,0.662,0.569,0.441,23.4,15.4,16.8,36.2,71.93,76.08,80.37,62.24,49.3,71.39,9.61,588.96,0.531,0.49
2012,RM_RIDE,21.0,Região Metropolitana de Grande São Luís (MA),0.729,0.726,0.794,0.673,0.572,0.611,0.683,0.448,21.6,15.8,14.0,33.5,68.53,96.89,88.36,74.44,59.88,78.39,9.98,525.78,0.48,0.388
2012,RM_RIDE,22.0,Região Administrativa Integrada de Desenvolvimento da Grande Teresina (PI),0.707,0.771,0.691,0.663,0.546,0.672,0.548,0.442,22.8,12.9,20.7,33.4,71.25,98.36,88.86,61.54,43.87,61.55,8.34,495.0,0.485,0.405
2012,RM_RIDE,23.0,Região Metropolitana de Fortaleza (CE),0.732,0.769,0.721,0.706,0.55,0.664,0.578,0.433,24.9,13.7,19.8,38.7,71.14,97.25,85.67,63.43,53.41,66.76,9.0,645.49,0.543,0.511
2012,RM_RIDE,24.0,Região Metropolitana de Natal (RN),0.723,0.815,0.667,0.694,0.554,0.714,0.539,0.443,23.3,12.4,19.2,36.2,73.89,95.36,85.61,47.29,48.4,61.9,8.73,600.98,0.525,0.495
2012,RM_RIDE,25.0,Região Metropolitana de João Pessoa (PB),0.707,0.779,0.647,0.7,0.518,0.675,0.501,0.412,26.6,13.3,22.6,41.1,71.74,94.66,83.89,57.97,39.01,57.02,8.35,621.96,0.548,0.54
2012,RM_RIDE,26.0,Região Metropolitana de Recife (PE),0.738,0.782,0.699,0.735,0.552,0.692,0.584,0.416,25.2,11.5,16.5,43.4,71.89,97.38,85.96,57.35,47.32,65.83,9.54,775.71,0.593,0.636
2012,RM_RIDE,27.0,Região Metropolitana de Maceió (AL),0.714,0.776,0.685,0.686,0.541,0.668,0.533,0.445,24.2,13.9,22.2,35.1,71.54,95.77,86.99,54.98,46.58,63.56,8.79,572.88,0.519,0.461
2012,RM_RIDE,28.0,Região Metropolitana de Aracaju (SE),0.752,0.786,0.724,0.746,0.563,0.689,0.607,0.427,25.1,12.4,16.2,42.8,72.17,97.73,80.63,63.19,52.52,70.23,9.84,828.72,0.569,0.565
2012,RM_RIDE,29.0,Região Metropolitana de Salvador (BA),0.746,0.771,0.708,0.761,0.564,0.66,0.616,0.441,24.5,14.4,13.0,42.1,71.26,94.74,87.93,48.18,48.59,72.52,10.05,908.75,0.59,0.623
2012,RM_RIDE,31.0,Região Metropolitana de Belo Horizonte (MG),0.792,0.848,0.751,0.781,0.641,0.768,0.653,0.525,19.1,9.4,13.0,32.8,75.9,90.98,92.24,71.11,58.27,69.38,9.74,1030.47,0.527,0.478
2012,RM_RIDE,32.0,Região Metropolitana de Grande Vitória (ES),0.79,0.894,0.728,0.758,0.642,0.828,0.622,0.513,18.8,7.4,14.5,32.3,78.64,92.17,79.34,65.36,57.17,71.41,9.78,896.02,0.494,0.417
2012,RM_RIDE,33.0,Região Metropolitana de Rio de Janeiro (RJ),0.784,0.884,0.715,0.761,0.627,0.819,0.623,0.484,19.9,7.4,12.9,36.4,78.05,92.35,82.7,61.49,48.39,71.98,9.95,913.04,0.534,0.492
2012,RM_RIDE,35.0,Região Metropolitana de São Paulo (SP),0.834,0.904,0.808,0.795,0.68,0.843,0.701,0.531,18.5,6.7,13.2,33.2,79.26,94.25,94.7,80.6,67.76,74.13,10.18,1123.03,0.528,0.473
2012,RM_RIDE,41.0,Região Metropolitana de Curitiba (PR),0.801,0.868,0.752,0.787,0.658,0.8,0.649,0.549,17.8,7.8,13.7,30.2,77.07,88.88,91.18,73.02,55.03,71.72,9.9,1070.92,0.483,0.395
2012,RM_RIDE,42.0,Região Metropolitana de Florianópolis (SC),0.819,0.873,0.787,0.8,0.687,0.805,0.687,0.586,16.2,7.8,12.7,26.8,77.4,95.52,93.88,75.05,65.75,71.43,10.15,1160.89,0.454,0.351
2012,RM_RIDE,43.0,Região Metropolitana de Porto Alegre (RS),0.78,0.856,0.7,0.791,0.642,0.785,0.62,0.544,17.6,8.3,11.4,31.2,76.33,77.9,85.59,69.21,48.24,69.63,10.08,1097.43,0.511,0.446
2012,RM_RIDE,51.0,Região Metropolitana de Vale do Rio Cuiabá (MT),0.763,0.795,0.734,0.76,0.607,0.697,0.618,0.518,20.4,12.3,15.8,31.8,72.69,85.08,84.57,76.67,52.41,70.91,9.72,906.26,0.505,0.432
2012,RM_RIDE,52.0,Região Metropolitana de Goiânia (GO),0.769,0.803,0.742,0.764,0.624,0.709,0.638,0.536,18.9,11.7,14.0,29.8,73.15,80.49,92.69,77.79,54.56,69.9,9.71,926.11,0.484,0.39
2013,RM_RIDE,13.0,Região Metropolitana de Manaus (AM),0.73,0.753,0.717,0.722,0.569,0.648,0.621,0.457,22.2,14.0,13.4,36.7,70.19,89.58,88.98,63.18,44.76,72.03,9.93,713.49,0.573,0.564
2013,RM_RIDE,15.0,Região Metropolitana de Belém (PA),0.739,0.809,0.698,0.716,0.587,0.721,0.614,0.458,20.5,10.9,12.0,36.0,73.54,93.35,87.96,54.1,39.62,71.93,9.84,690.04,0.528,0.48
2013,RM_RIDE,16.0,Região Metropolitana de Macapá (AP),0.747,0.787,0.746,0.711,0.578,0.671,0.622,0.463,22.7,14.8,16.6,34.9,72.24,87.63,87.06,70.26,55.52,73.67,9.89,666.74,0.512,0.452
2013,RM_RIDE,21.0,Região Metropolitana de Grande São Luís (MA),0.734,0.731,0.825,0.655,0.584,0.617,0.714,0.451,20.5,15.6,13.5,31.1,68.85,96.45,92.58,79.28,66.34,80.11,10.2,471.33,0.452,0.348
2013,RM_RIDE,22.0,Região Administrativa Integrada de Desenvolvimento da Grande Teresina (PI),0.732,0.774,0.711,0.714,0.559,0.676,0.558,0.462,23.7,12.6,21.5,35.3,71.44,99.68,92.12,64.12,45.41,63.45,8.74,680.56,0.545,0.522
2013,RM_RIDE,23.0,Região Metropolitana de Fortaleza (CE),0.731,0.774,0.71,0.71,0.558,0.673,0.574,0.45,23.6,13.1,19.2,36.6,71.41,97.01,80.69,61.2,52.7,67.39,9.09,662.27,0.526,0.486
2013,RM_RIDE,24.0,Região Metropolitana de Natal (RN),0.742,0.82,0.694,0.718,0.575,0.723,0.564,0.467,22.5,11.8,18.8,35.0,74.18,95.88,86.99,59.02,49.67,62.95,8.95,696.96,0.515,0.466
2013,RM_RIDE,25.0,Região Metropolitana de João Pessoa (PB),0.728,0.785,0.686,0.716,0.54,0.684,0.536,0.429,25.8,12.9,21.8,40.1,72.11,94.78,86.43,64.15,45.93,60.84,8.72,686.99,0.557,0.54
2013,RM_RIDE,26.0,Região Metropolitana de Recife (PE),0.756,0.79,0.729,0.749,0.568,0.703,0.608,0.428,24.9,11.0,16.6,42.9,72.39,97.19,85.47,60.95,55.94,69.04,9.59,844.73,0.591,0.628
2013,RM_RIDE,27.0,Região Metropolitana de Maceió (AL),0.701,0.783,0.647,0.68,0.535,0.68,0.505,0.446,23.7,13.2,21.9,34.4,71.95,88.52,81.09,50.89,44.88,61.53,8.6,551.09,0.5,0.43
2013,RM_RIDE,28.0,Região Metropolitana de Aracaju (SE),0.748,0.791,0.706,0.748,0.564,0.694,0.579,0.447,24.6,12.3,18.0,40.3,72.47,96.66,75.55,58.59,48.95,72.07,9.66,838.78,0.586,0.604
2013,RM_RIDE,29.0,Região Metropolitana de Salvador (BA),0.741,0.776,0.705,0.743,0.578,0.667,0.617,0.468,22.0,14.0,12.5,37.0,71.54,96.65,84.67,53.16,39.66,74.55,10.26,816.34,0.532,0.489
2013,RM_RIDE,31.0,Região Metropolitana de Belo Horizonte (MG),0.798,0.853,0.756,0.787,0.645,0.775,0.664,0.522,19.1,9.1,12.2,33.7,76.2,92.7,95.63,70.47,55.88,69.8,9.9,1069.46,0.524,0.476
2013,RM_RIDE,32.0,Região Metropolitana de Grande Vitória (ES),0.796,0.9,0.733,0.765,0.636,0.834,0.629,0.49,20.1,7.3,14.2,35.9,79.01,92.5,83.07,66.78,56.64,70.6,9.81,935.99,0.523,0.467
2013,RM_RIDE,33.0,Região Metropolitana de Rio de Janeiro (RJ),0.792,0.89,0.73,0.766,0.643,0.827,0.644,0.5,18.8,7.1,11.8,34.7,78.37,94.95,84.78,64.71,48.17,72.73,10.1,942.83,0.527,0.478
2013,RM_RIDE,35.0,Região Metropolitana de São Paulo (SP),0.842,0.91,0.815,0.806,0.688,0.85,0.716,0.534,18.4,6.6,12.1,33.7,79.6,95.47,94.68,81.32,67.1,75.57,10.44,1206.91,0.537,0.499
2013,RM_RIDE,41.0,Região Metropolitana de Curitiba (PR),0.812,0.873,0.775,0.791,0.668,0.807,0.663,0.557,17.8,7.6,14.5,29.6,77.4,95.26,95.63,69.56,59.13,72.91,10.0,1097.18,0.481,0.39
2013,RM_RIDE,42.0,Região Metropolitana de Florianópolis (SC),0.837,0.879,0.816,0.817,0.704,0.813,0.74,0.58,15.9,7.5,9.3,29.0,77.76,94.3,95.29,85.76,58.45,77.8,10.94,1288.86,0.467,0.363
2013,RM_RIDE,43.0,Região Metropolitana de Porto Alegre (RS),0.785,0.861,0.708,0.795,0.653,0.792,0.636,0.553,16.8,8.0,10.1,30.4,76.63,79.76,87.95,67.7,51.04,69.27,10.02,1125.62,0.504,0.433
2013,RM_RIDE,51.0,Região Metropolitana de Vale do Rio Cuiabá (MT),0.785,0.8,0.799,0.757,0.637,0.704,0.674,0.545,18.9,12.0,15.7,28.0,72.98,96.74,89.57,81.2,64.94,73.99,9.99,891.05,0.449,0.358
2013,RM_RIDE,52.0,Região Metropolitana de Goiânia (GO),0.78,0.806,0.759,0.776,0.633,0.713,0.644,0.553,18.8,11.5,15.1,28.8,73.34,89.22,90.05,77.25,61.0,69.33,9.67,997.57,0.483,0.397
2014,RM_RIDE,13.0,Região Metropolitana de Manaus (AM),0.732,0.758,0.723,0.717,0.568,0.653,0.62,0.452,22.5,13.8,14.3,36.9,70.46,89.38,89.14,60.42,52.92,70.81,9.81,691.67,0.551,0.535
2014,RM_RIDE,15.0,Região Metropolitana de Belém (PA),0.734,0.812,0.693,0.704,0.596,0.725,0.613,0.476,18.9,10.7,11.6,32.4,73.74,89.23,88.23,54.99,41.06,71.05,9.79,638.63,0.501,0.435
2014,RM_RIDE,16.0,Região Metropolitana de Macapá (AP),0.741,0.793,0.728,0.705,0.571,0.676,0.592,0.466,22.9,14.7,18.7,33.9,72.55,86.41,92.77,62.03,49.11,73.12,9.83,643.64,0.518,0.47
2014,RM_RIDE,21.0,Região Metropolitana de Grande São Luís (MA),0.728,0.736,0.81,0.647,0.584,0.628,0.695,0.457,19.8,14.7,14.2,29.4,69.17,97.87,91.23,77.31,58.87,80.27,9.92,447.28,0.432,0.336
2014,RM_RIDE,22.0,Região Administrativa Integrada de Desenvolvimento da Grande Teresina (PI),0.74,0.778,0.729,0.714,0.58,0.682,0.59,0.484,21.6,12.3,19.1,32.2,71.65,99.62,90.65,66.22,51.68,65.37,9.0,679.23,0.509,0.457
2014,RM_RIDE,23.0,Região Metropolitana de Fortaleza (CE),0.731,0.778,0.712,0.706,0.561,0.679,0.574,0.454,23.2,12.7,19.4,35.7,71.68,96.21,79.69,63.21,52.99,67.59,8.91,646.74,0.522,0.473
2014,RM_RIDE,24.0,Região Metropolitana de Natal (RN),0.756,0.824,0.726,0.722,0.582,0.73,0.595,0.455,22.9,11.4,18.0,37.0,74.46,93.99,88.47,63.74,59.63,65.26,9.14,715.5,0.529,0.496
2014,RM_RIDE,25.0,Região Metropolitana de João Pessoa (PB),0.727,0.791,0.667,0.727,0.542,0.693,0.533,0.43,25.5,12.4,20.1,40.9,72.46,94.5,86.25,51.49,40.73,63.7,9.13,738.87,0.569,0.587
2014,RM_RIDE,26.0,Região Metropolitana de Recife (PE),0.755,0.798,0.72,0.75,0.565,0.714,0.599,0.421,25.2,10.5,16.8,43.9,72.86,97.15,77.41,62.38,52.51,71.23,9.69,852.75,0.594,0.637
2014,RM_RIDE,27.0,Região Metropolitana de Maceió (AL),0.721,0.789,0.67,0.709,0.54,0.689,0.524,0.436,25.1,12.7,21.8,38.5,72.36,91.52,74.97,57.9,50.61,63.53,8.96,659.84,0.54,0.509
2014,RM_RIDE,28.0,Região Metropolitana de Aracaju (SE),0.759,0.796,0.732,0.749,0.583,0.703,0.621,0.453,23.2,11.7,15.2,39.5,72.76,99.24,85.91,58.47,50.81,72.38,10.08,846.92,0.55,0.536
2014,RM_RIDE,29.0,Região Metropolitana de Salvador (BA),0.754,0.78,0.719,0.765,0.596,0.675,0.644,0.487,21.0,13.5,10.5,36.4,71.81,97.06,75.83,61.54,45.82,75.66,10.48,933.34,0.541,0.508
2014,RM_RIDE,31.0,Região Metropolitana de Belo Horizonte (MG),0.798,0.858,0.758,0.781,0.65,0.782,0.67,0.523,18.6,8.9,11.6,33.0,76.49,96.64,94.12,71.59,52.51,70.17,10.04,1034.44,0.508,0.444
2014,RM_RIDE,32.0,Região Metropolitana de Grande Vitória (ES),0.806,0.906,0.744,0.777,0.648,0.843,0.645,0.501,19.6,7.0,13.3,35.5,79.37,91.4,86.33,64.22,57.87,73.21,10.12,1006.07,0.525,0.487
2014,RM_RIDE,33.0,Região Metropolitana de Rio de Janeiro (RJ),0.803,0.895,0.749,0.772,0.655,0.832,0.662,0.51,18.4,7.0,11.6,33.9,78.69,93.38,86.27,67.44,53.41,74.59,10.22,974.42,0.518,0.455
2014,RM_RIDE,35.0,Região Metropolitana de São Paulo (SP),0.85,0.915,0.827,0.812,0.695,0.856,0.727,0.539,18.3,6.4,12.1,33.6,79.9,94.62,96.03,87.9,67.23,75.73,10.55,1253.92,0.535,0.491
2014,RM_RIDE,41.0,Região Metropolitana de Curitiba (PR),0.818,0.879,0.786,0.792,0.677,0.815,0.67,0.569,17.2,7.3,14.7,28.1,77.72,93.82,91.85,76.17,63.7,73.31,10.08,1106.07,0.469,0.373
2014,RM_RIDE,42.0,Região Metropolitana de Florianópolis (SC),0.836,0.885,0.809,0.817,0.705,0.82,0.716,0.596,15.7,7.3,11.5,27.1,78.12,93.07,98.63,83.33,59.69,75.63,10.51,1291.74,0.453,0.349
2014,RM_RIDE,43.0,Região Metropolitana de Porto Alegre (RS),0.787,0.866,0.702,0.801,0.654,0.798,0.629,0.557,16.9,7.9,10.4,30.5,76.93,79.62,82.9,63.75,52.86,70.96,10.19,1171.43,0.506,0.439
2014,RM_RIDE,51.0,Região Metropolitana de Vale do Rio Cuiabá (MT),0.787,0.804,0.8,0.757,0.638,0.708,0.674,0.544,19.0,12.0,15.8,28.2,73.26,93.96,75.78,91.04,66.63,76.44,10.09,890.77,0.457,0.351
2014,RM_RIDE,52.0,Região Metropolitana de Goiânia (GO),0.786,0.809,0.781,0.77,0.64,0.718,0.683,0.535,18.6,11.2,12.6,30.5,73.51,91.38,96.3,73.66,62.63,72.66,10.13,965.34,0.467,0.373
2015,RM_RIDE,13.0,Região Metropolitana de Manaus (AM),0.736,0.762,0.738,0.708,0.569,0.66,0.637,0.439,22.6,13.4,13.7,38.0,70.72,88.81,90.43,64.09,50.04,74.77,10.18,656.47,0.547,0.528
2015,RM_RIDE,15.0,Região Metropolitana de Belém (PA),0.745,0.816,0.721,0.702,0.599,0.73,0.631,0.466,19.6,10.5,12.5,33.6,73.94,93.67,88.28,58.51,52.08,70.0,9.6,631.45,0.51,0.451
2015,RM_RIDE,16.0,Região Metropolitana de Macapá (AP),0.738,0.798,0.706,0.713,0.561,0.68,0.583,0.445,24.0,14.8,17.4,37.6,72.85,80.95,79.49,68.54,48.97,72.79,9.96,674.58,0.534,0.498
2015,RM_RIDE,21.0,Região Metropolitana de Grande São Luís (MA),0.739,0.742,0.796,0.682,0.575,0.637,0.674,0.443,22.2,14.2,15.3,35.1,69.49,96.36,89.51,72.47,63.3,78.08,10.04,557.58,0.494,0.424
2015,RM_RIDE,22.0,Região Administrativa Integrada de Desenvolvimento da Grande Teresina (PI),0.745,0.781,0.754,0.702,0.575,0.686,0.602,0.461,22.8,12.1,20.2,34.3,71.84,97.91,90.82,71.54,64.2,65.27,8.86,630.11,0.513,0.456
2015,RM_RIDE,23.0,Região Metropolitana de Fortaleza (CE),0.738,0.782,0.728,0.707,0.562,0.686,0.59,0.438,23.9,12.3,18.9,38.1,71.92,92.27,83.71,67.73,58.6,67.56,9.09,653.28,0.534,0.49
2015,RM_RIDE,24.0,Região Metropolitana de Natal (RN),0.773,0.829,0.754,0.738,0.604,0.738,0.642,0.465,21.8,11.0,14.8,37.0,74.73,98.69,92.6,66.34,54.86,70.2,9.89,788.83,0.534,0.515
2015,RM_RIDE,25.0,Região Metropolitana de João Pessoa (PB),0.748,0.797,0.709,0.741,0.563,0.701,0.574,0.444,24.7,12.0,19.1,40.1,72.8,90.23,84.62,62.93,55.35,66.4,9.36,805.42,0.576,0.585
2015,RM_RIDE,26.0,Região Metropolitana de Recife (PE),0.768,0.805,0.758,0.743,0.58,0.722,0.638,0.424,24.5,10.3,15.8,43.0,73.32,98.06,82.14,70.21,60.19,72.13,9.99,813.7,0.587,0.612
2015,RM_RIDE,27.0,Região Metropolitana de Maceió (AL),0.707,0.796,0.647,0.685,0.542,0.7,0.518,0.439,23.3,12.0,20.0,35.9,72.76,91.2,72.53,54.83,46.16,61.67,8.77,568.06,0.512,0.453
2015,RM_RIDE,28.0,Região Metropolitana de Aracaju (SE),0.764,0.801,0.748,0.743,0.597,0.71,0.626,0.478,21.9,11.4,16.3,35.7,73.04,98.35,93.26,69.16,44.99,71.56,10.19,814.47,0.543,0.521
2015,RM_RIDE,29.0,Região Metropolitana de Salvador (BA),0.757,0.785,0.738,0.75,0.59,0.679,0.649,0.465,22.2,13.5,12.1,38.0,72.07,98.59,89.84,49.81,53.3,75.65,10.55,853.77,0.534,0.497
2015,RM_RIDE,31.0,Região Metropolitana de Belo Horizonte (MG),0.806,0.863,0.778,0.78,0.662,0.789,0.684,0.538,17.9,8.6,12.1,31.0,76.78,95.15,98.51,74.0,59.61,70.41,9.98,1024.23,0.519,0.461
2015,RM_RIDE,32.0,Região Metropolitana de Grande Vitória (ES),0.806,0.912,0.755,0.76,0.644,0.851,0.654,0.481,20.0,6.7,13.4,36.7,79.7,96.65,89.45,68.96,50.66,73.57,10.13,907.07,0.539,0.508
2015,RM_RIDE,33.0,Região Metropolitana de Rio de Janeiro (RJ),0.809,0.9,0.768,0.767,0.66,0.838,0.682,0.503,18.5,6.9,11.2,34.4,78.99,96.09,87.11,67.51,58.59,75.73,10.33,946.75,0.514,0.45
2015,RM_RIDE,35.0,Região Metropolitana de São Paulo (SP),0.85,0.92,0.832,0.802,0.698,0.863,0.735,0.537,17.9,6.2,11.7,33.1,80.2,96.26,96.22,86.84,68.07,76.42,10.58,1175.49,0.549,0.517
2015,RM_RIDE,41.0,Região Metropolitana de Curitiba (PR),0.815,0.884,0.784,0.781,0.676,0.822,0.674,0.558,17.0,7.0,14.0,28.6,78.03,86.45,93.74,76.78,66.23,73.84,10.22,1035.17,0.452,0.349
2015,RM_RIDE,42.0,Região Metropolitana de Florianópolis (SC),0.839,0.891,0.813,0.816,0.716,0.829,0.734,0.603,14.7,7.0,9.7,26.1,78.46,96.9,94.46,76.17,60.86,79.55,11.15,1282.0,0.441,0.321
2015,RM_RIDE,43.0,Região Metropolitana de Porto Alegre (RS),0.784,0.87,0.706,0.784,0.655,0.802,0.635,0.553,16.4,7.8,10.0,29.5,77.22,84.14,87.58,62.29,46.16,71.79,10.39,1052.64,0.47,0.383
2015,RM_RIDE,51.0,Região Metropolitana de Vale do Rio Cuiabá (MT),0.795,0.809,0.838,0.742,0.646,0.714,0.716,0.527,18.8,11.8,14.5,29.0,73.52,96.17,95.44,86.31,67.61,78.89,10.14,810.87,0.449,0.34
2015,RM_RIDE,52.0,Região Metropolitana de Goiânia (GO),0.783,0.812,0.778,0.76,0.641,0.723,0.676,0.54,18.1,11.0,13.1,29.0,73.7,87.03,95.44,78.17,59.37,73.64,10.12,905.58,0.459,0.354
2016,RM_RIDE,13.0,Região Metropolitana de Manaus (AM),0.739,0.766,0.761,0.691,0.561,0.666,0.643,0.412,24.1,13.1,15.5,40.4,70.98,91.35,88.46,67.89,53.74,77.43,10.16,590.84,0.55,0.527
2016,RM_RIDE,15.0,Região Metropolitana de Belém (PA),0.746,0.819,0.719,0.705,0.598,0.734,0.634,0.459,19.9,10.4,11.8,34.9,74.14,92.07,91.61,55.91,44.62,73.54,10.02,643.46,0.516,0.462
2016,RM_RIDE,16.0,Região Metropolitana de Macapá (AP),0.746,0.802,0.733,0.705,0.572,0.687,0.627,0.435,23.3,14.4,14.5,38.3,73.12,84.26,89.8,57.13,50.88,79.17,10.64,643.86,0.528,0.491
2016,RM_RIDE,21.0,Região Metropolitana de Grande São Luís (MA),0.749,0.747,0.822,0.685,0.583,0.644,0.697,0.442,22.2,13.8,15.2,35.5,69.79,96.65,90.68,77.67,67.12,80.55,10.19,569.45,0.527,0.484
2016,RM_RIDE,22.0,Região Administrativa Integrada de Desenvolvimento da Grande Teresina (PI),0.726,0.784,0.705,0.692,0.558,0.691,0.571,0.441,23.0,11.8,19.0,36.2,72.03,100.0,91.97,58.65,46.01,63.64,8.91,593.18,0.522,0.482
2016,RM_RIDE,23.0,Região Metropolitana de Fortaleza (CE),0.75,0.786,0.758,0.708,0.573,0.691,0.615,0.443,23.6,12.1,18.9,37.5,72.18,97.88,93.39,69.39,53.56,70.57,9.23,653.9,0.552,0.54
2016,RM_RIDE,24.0,Região Metropolitana de Natal (RN),0.766,0.833,0.729,0.741,0.598,0.745,0.617,0.465,22.0,10.6,15.4,37.3,74.98,99.25,92.37,57.31,47.32,70.49,9.96,807.06,0.555,0.556
2016,RM_RIDE,25.0,Região Metropolitana de João Pessoa (PB),0.748,0.802,0.718,0.728,0.562,0.709,0.582,0.43,25.0,11.6,19.0,41.0,73.12,97.06,91.54,64.38,47.55,65.7,9.47,743.96,0.562,0.573
2016,RM_RIDE,26.0,Região Metropolitana de Recife (PE),0.766,0.813,0.758,0.73,0.577,0.733,0.625,0.42,24.6,9.8,17.5,42.4,73.75,99.32,90.89,67.92,51.02,72.78,9.8,752.06,0.598,0.633
2016,RM_RIDE,27.0,Região Metropolitana de Maceió (AL),0.73,0.802,0.693,0.7,0.559,0.711,0.556,0.443,23.4,11.4,19.8,36.7,73.14,90.52,90.17,54.56,50.03,65.58,9.2,623.42,0.518,0.466
2016,RM_RIDE,28.0,Região Metropolitana de Aracaju (SE),0.753,0.805,0.712,0.746,0.556,0.716,0.595,0.403,26.2,11.0,16.4,46.0,73.3,92.71,81.76,61.88,47.65,71.65,10.14,827.94,0.582,0.617
2016,RM_RIDE,29.0,Região Metropolitana de Salvador (BA),0.762,0.789,0.758,0.741,0.591,0.686,0.656,0.459,22.4,13.0,13.5,38.0,72.33,98.66,90.0,58.26,56.95,75.39,10.36,804.46,0.563,0.571
2016,RM_RIDE,31.0,Região Metropolitana de Belo Horizonte (MG),0.804,0.868,0.784,0.765,0.649,0.797,0.695,0.494,19.3,8.2,11.3,35.4,77.05,94.64,96.45,72.94,61.76,72.68,10.14,932.59,0.52,0.469
2016,RM_RIDE,32.0,Região Metropolitana de Grande Vitória (ES),0.808,0.917,0.769,0.749,0.64,0.856,0.657,0.466,20.9,6.7,14.6,37.8,80.0,95.61,90.72,68.04,56.33,75.29,10.13,846.16,0.535,0.5
2016,RM_RIDE,33.0,Região Metropolitana de Rio de Janeiro (RJ),0.815,0.905,0.773,0.773,0.656,0.844,0.68,0.492,19.4,6.7,12.0,36.3,79.28,96.62,89.67,66.66,56.94,76.81,10.5,982.54,0.536,0.498
2016,RM_RIDE,35.0,Região Metropolitana de São Paulo (SP),0.866,0.925,0.86,0.816,0.702,0.87,0.763,0.521,19.0,6.0,11.3,36.2,80.47,98.05,97.73,87.94,73.73,79.46,10.96,1282.91,0.558,0.552
2016,RM_RIDE,41.0,Região Metropolitana de Curitiba (PR),0.829,0.889,0.817,0.785,0.682,0.828,0.689,0.557,17.7,6.9,15.7,29.0,78.33,96.33,96.77,78.45,63.2,77.77,10.19,1058.91,0.482,0.393
2016,RM_RIDE,42.0,Região Metropolitana de Florianópolis (SC),0.844,0.897,0.828,0.809,0.709,0.834,0.727,0.587,16.0,7.0,12.2,27.4,78.79,98.61,98.5,68.65,71.13,80.13,10.86,1226.85,0.454,0.354
2016,RM_RIDE,43.0,Região Metropolitana de Porto Alegre (RS),0.799,0.875,0.739,0.79,0.658,0.809,0.659,0.535,17.6,7.5,10.8,32.3,77.5,88.04,93.85,60.79,54.19,73.27,10.4,1091.71,0.51,0.448
2016,RM_RIDE,51.0,Região Metropolitana de Vale do Rio Cuiabá (MT),0.797,0.813,0.837,0.743,0.634,0.719,0.688,0.516,20.4,11.6,17.8,30.6,73.79,95.46,97.66,83.08,68.48,78.76,10.08,814.86,0.481,0.396
2016,RM_RIDE,52.0,Região Metropolitana de Goiânia (GO),0.783,0.815,0.784,0.751,0.62,0.726,0.649,0.506,20.8,10.9,17.2,32.6,73.88,93.03,95.66,74.1,61.9,73.0,9.84,856.0,0.492,0.417
2017,RM_RIDE,13.0,Região Metropolitana de Manaus (AM),0.756,0.771,0.788,0.71,0.571,0.673,0.693,0.4,24.4,12.7,12.1,43.6,71.23,94.13,92.45,74.0,56.95,77.48,10.62,662.64,0.592,0.623
2017,RM_RIDE,15.0,Região Metropolitana de Belém (PA),0.752,0.822,0.73,0.708,0.602,0.74,0.644,0.457,20.0,10.0,11.8,35.4,74.32,94.44,87.98,58.54,46.7,75.09,10.32,653.74,0.529,0.492
2017,RM_RIDE,16.0,Região Metropolitana de Macapá (AP),0.739,0.807,0.713,0.701,0.552,0.69,0.595,0.409,25.3,14.5,16.5,41.6,73.39,77.7,86.38,64.75,53.19,72.82,10.04,626.28,0.591,0.629
2017,RM_RIDE,21.0,Região Metropolitana de Grande São Luís (MA),0.744,0.752,0.825,0.664,0.577,0.65,0.711,0.415,22.5,13.5,13.8,37.5,70.09,98.06,92.18,77.01,66.67,80.62,10.34,496.86,0.499,0.429
2017,RM_RIDE,22.0,Região Administrativa Integrada de Desenvolvimento da Grande Teresina (PI),0.744,0.787,0.749,0.699,0.576,0.695,0.607,0.452,22.7,11.7,18.9,35.4,72.22,98.01,94.26,66.26,61.93,65.56,9.21,619.15,0.518,0.475
2017,RM_RIDE,23.0,Região Metropolitana de Fortaleza (CE),0.754,0.79,0.754,0.72,0.583,0.697,0.634,0.449,22.6,11.8,15.9,37.6,72.42,98.04,94.31,65.31,54.88,70.15,9.72,706.45,0.55,0.537
2017,RM_RIDE,24.0,Região Metropolitana de Natal (RN),0.749,0.837,0.707,0.709,0.572,0.75,0.594,0.42,23.6,10.4,16.0,40.8,75.24,98.28,91.76,53.71,47.24,66.89,9.65,661.47,0.538,0.526
2017,RM_RIDE,25.0,Região Metropolitana de João Pessoa (PB),0.768,0.807,0.751,0.746,0.586,0.717,0.604,0.464,23.7,11.2,19.6,37.8,73.44,96.44,93.74,67.82,58.66,67.35,9.63,827.98,0.564,0.563
2017,RM_RIDE,26.0,Região Metropolitana de Recife (PE),0.763,0.819,0.756,0.718,0.591,0.74,0.646,0.432,22.6,9.6,14.5,39.9,74.16,98.4,92.36,67.2,57.67,69.34,9.85,696.58,0.569,0.577
2017,RM_RIDE,27.0,Região Metropolitana de Maceió (AL),0.726,0.808,0.691,0.686,0.556,0.718,0.553,0.433,23.4,11.1,20.0,36.9,73.5,90.44,86.68,63.92,48.41,62.88,9.0,572.6,0.521,0.473
2017,RM_RIDE,28.0,Região Metropolitana de Aracaju (SE),0.752,0.809,0.733,0.717,0.565,0.722,0.623,0.402,24.8,10.7,15.0,44.0,73.56,96.94,92.02,59.02,49.77,71.07,10.1,693.68,0.552,0.57
2017,RM_RIDE,29.0,Região Metropolitana de Salvador (BA),0.767,0.793,0.734,0.775,0.579,0.691,0.644,0.437,24.4,12.8,12.3,43.6,72.58,96.01,89.86,55.59,49.6,74.46,10.52,996.72,0.634,0.751
2017,RM_RIDE,31.0,Região Metropolitana de Belo Horizonte (MG),0.813,0.872,0.792,0.777,0.657,0.802,0.709,0.499,19.1,8.0,10.5,35.8,77.32,96.32,96.79,74.81,60.09,74.01,10.46,1006.19,0.54,0.513
2017,RM_RIDE,32.0,Região Metropolitana de Grande Vitória (ES),0.81,0.922,0.76,0.758,0.643,0.865,0.66,0.466,20.6,6.2,13.2,38.5,80.3,96.02,91.14,65.37,52.49,75.38,10.43,894.28,0.539,0.51
2017,RM_RIDE,33.0,Região Metropolitana de Rio de Janeiro (RJ),0.816,0.909,0.779,0.768,0.658,0.849,0.692,0.485,19.4,6.6,11.2,36.9,79.55,93.84,91.1,69.85,58.43,77.09,10.65,951.89,0.53,0.483
2017,RM_RIDE,35.0,Região Metropolitana de São Paulo (SP),0.86,0.929,0.847,0.807,0.693,0.875,0.756,0.504,19.3,5.8,10.7,37.6,80.74,97.63,95.95,85.54,71.54,78.95,10.97,1214.69,0.564,0.565
2017,RM_RIDE,41.0,Região Metropolitana de Curitiba (PR),0.828,0.894,0.802,0.792,0.668,0.834,0.683,0.523,19.3,6.7,14.8,34.0,78.62,98.19,96.36,79.5,60.35,73.9,10.29,1107.78,0.515,0.458
2017,RM_RIDE,42.0,Região Metropolitana de Florianópolis (SC),0.846,0.902,0.828,0.812,0.716,0.839,0.749,0.584,15.4,7.0,9.6,28.1,79.09,91.54,94.85,81.97,70.53,79.01,11.32,1250.56,0.442,0.326
2017,RM_RIDE,43.0,Região Metropolitana de Porto Alegre (RS),0.808,0.88,0.752,0.797,0.67,0.816,0.678,0.544,17.0,7.3,9.8,31.7,77.77,85.82,95.55,62.71,59.41,73.81,10.56,1143.27,0.512,0.454
2017,RM_RIDE,51.0,Região Metropolitana de Vale do Rio Cuiabá (MT),0.787,0.817,0.808,0.737,0.624,0.725,0.659,0.509,20.7,11.3,18.5,31.0,74.04,99.14,95.11,80.3,53.77,78.32,10.21,787.25,0.486,0.403
2017,RM_RIDE,52.0,Região Metropolitana de Goiânia (GO),0.79,0.818,0.781,0.772,0.641,0.733,0.678,0.531,18.8,10.4,13.2,31.2,74.05,92.51,96.21,73.83,64.39,71.25,10.27,977.44,0.497,0.428
2018,RM_RIDE,13.0,Região Metropolitana de Manaus (AM),0.746,0.775,0.776,0.69,0.58,0.677,0.686,0.42,22.3,12.7,11.6,39.2,71.47,92.32,92.46,71.1,57.28,76.24,10.67,587.19,0.531,0.505
2018,RM_RIDE,15.0,Região Metropolitana de Belém (PA),0.783,0.825,0.781,0.745,0.603,0.743,0.698,0.423,22.9,9.9,10.6,43.2,74.51,93.12,93.75,71.2,59.4,75.73,10.65,826.2,0.597,0.638
2018,RM_RIDE,16.0,Região Metropolitana de Macapá (AP),0.756,0.811,0.776,0.687,0.563,0.693,0.65,0.396,25.5,14.5,16.2,42.4,73.65,90.54,91.07,71.43,61.44,75.57,10.34,573.45,0.545,0.538
2018,RM_RIDE,21.0,Região Metropolitana de Grande São Luís (MA),0.752,0.756,0.824,0.682,0.578,0.656,0.729,0.404,23.1,13.2,11.5,40.8,70.38,99.37,92.45,73.95,67.44,80.67,10.75,558.65,0.526,0.48
2018,RM_RIDE,22.0,Região Administrativa Integrada de Desenvolvimento da Grande Teresina (PI),0.743,0.79,0.749,0.692,0.568,0.699,0.613,0.428,23.5,11.5,18.1,38.2,72.4,97.45,96.12,64.42,61.01,66.1,9.25,594.56,0.514,0.485
2018,RM_RIDE,23.0,Região Metropolitana de Fortaleza (CE),0.763,0.794,0.775,0.722,0.589,0.703,0.646,0.449,22.9,11.5,16.6,37.8,72.65,99.22,94.94,73.18,58.13,70.22,9.72,714.66,0.55,0.539
2018,RM_RIDE,24.0,Região Metropolitana de Natal (RN),0.769,0.841,0.734,0.738,0.588,0.754,0.625,0.432,23.5,10.4,14.8,41.4,75.46,98.87,92.52,52.09,55.93,70.49,10.21,791.35,0.535,0.553
2018,RM_RIDE,25.0,Região Metropolitana de João Pessoa (PB),0.759,0.813,0.73,0.738,0.556,0.725,0.588,0.404,26.7,10.8,19.4,45.3,73.75,92.78,89.02,58.62,62.68,67.63,9.7,788.3,0.591,0.659
2018,RM_RIDE,26.0,Região Metropolitana de Recife (PE),0.773,0.826,0.789,0.708,0.6,0.75,0.676,0.425,22.4,9.2,14.3,40.0,74.54,97.48,93.16,67.03,69.99,73.13,10.2,656.84,0.544,0.53
2018,RM_RIDE,27.0,Região Metropolitana de Maceió (AL),0.734,0.814,0.704,0.691,0.551,0.726,0.56,0.412,24.9,10.8,20.4,40.4,73.85,90.06,90.1,62.58,54.68,63.06,9.17,589.13,0.525,0.477
2018,RM_RIDE,28.0,Região Metropolitana de Aracaju (SE),0.765,0.814,0.749,0.734,0.569,0.731,0.647,0.39,25.5,10.2,13.6,46.8,73.82,96.99,91.88,53.91,60.3,73.0,10.44,772.86,0.584,0.628
2018,RM_RIDE,29.0,Região Metropolitana de Salvador (BA),0.77,0.797,0.77,0.745,0.596,0.697,0.685,0.443,22.7,12.5,11.0,40.6,72.82,99.02,91.5,60.29,57.23,77.02,10.86,824.78,0.55,0.54
2018,RM_RIDE,31.0,Região Metropolitana de Belo Horizonte (MG),0.814,0.876,0.796,0.773,0.663,0.808,0.71,0.507,18.6,7.8,10.8,34.4,77.57,98.77,95.61,74.6,60.54,74.4,10.51,979.12,0.521,0.465
2018,RM_RIDE,32.0,Região Metropolitana de Grande Vitória (ES),0.821,0.926,0.776,0.769,0.659,0.869,0.686,0.481,19.7,6.2,11.6,37.5,80.58,98.38,92.65,66.87,56.15,75.7,10.55,955.18,0.541,0.517
2018,RM_RIDE,33.0,Região Metropolitana de Rio de Janeiro (RJ),0.83,0.914,0.796,0.786,0.665,0.855,0.721,0.477,19.9,6.5,9.4,39.3,79.82,96.58,92.64,69.92,61.75,78.4,11.03,1066.31,0.555,0.537
2018,RM_RIDE,35.0,Região Metropolitana de São Paulo (SP),0.862,0.933,0.84,0.817,0.697,0.88,0.756,0.508,19.2,5.7,10.0,37.8,80.99,97.92,95.22,84.75,70.24,78.23,11.02,1289.93,0.579,0.602
2018,RM_RIDE,41.0,Região Metropolitana de Curitiba (PR),0.831,0.898,0.806,0.794,0.673,0.839,0.7,0.52,19.0,6.6,13.1,34.5,78.9,99.0,96.88,71.51,70.39,73.53,10.46,1116.05,0.512,0.464
2018,RM_RIDE,42.0,Região Metropolitana de Florianópolis (SC),0.855,0.907,0.839,0.82,0.723,0.846,0.761,0.586,15.4,6.7,9.3,28.5,79.39,98.43,97.81,72.08,71.24,81.95,11.65,1312.95,0.451,0.338
2018,RM_RIDE,43.0,Região Metropolitana de Porto Alegre (RS),0.806,0.884,0.745,0.796,0.662,0.82,0.679,0.521,17.9,7.2,8.9,34.5,78.03,84.42,95.09,64.68,55.65,73.6,10.58,1129.83,0.525,0.482
2018,RM_RIDE,51.0,Região Metropolitana de Vale do Rio Cuiabá (MT),0.805,0.822,0.822,0.772,0.642,0.729,0.72,0.503,20.3,11.3,12.4,34.8,74.29,96.39,95.26,81.71,66.74,76.91,10.88,974.61,0.509,0.454
2018,RM_RIDE,52.0,Região Metropolitana de Goiânia (GO),0.798,0.82,0.802,0.772,0.651,0.735,0.706,0.532,18.4,10.4,12.0,31.1,74.22,93.97,98.01,74.57,64.57,75.31,10.52,975.95,0.464,0.36
2019,RM_RIDE,13.0,Região Metropolitana de Manaus (AM),0.752,0.778,0.789,0.693,0.58,0.682,0.705,0.405,22.9,12.3,10.6,41.6,71.7,92.01,94.21,71.43,59.31,78.41,10.86,595.13,0.562,0.572
2019,RM_RIDE,15.0,Região Metropolitana de Belém (PA),0.769,0.828,0.768,0.716,0.599,0.747,0.682,0.422,22.1,9.8,11.2,41.0,74.69,92.97,93.24,66.9,56.63,75.62,10.51,690.56,0.549,0.54
2019,RM_RIDE,16.0,Região Metropolitana de Macapá (AP),0.748,0.815,0.751,0.683,0.575,0.699,0.632,0.43,23.1,14.2,15.9,37.1,73.89,74.27,94.52,65.89,62.09,76.81,10.26,559.94,0.51,0.454
2019,RM_RIDE,21.0,Região Metropolitana de Grande São Luís (MA),0.755,0.761,0.839,0.675,0.592,0.663,0.741,0.422,21.7,12.9,11.7,37.5,70.67,97.32,91.93,81.1,72.23,80.53,10.65,534.52,0.505,0.458
2019,RM_RIDE,22.0,Região Administrativa Integrada de Desenvolvimento da Grande Teresina (PI),0.759,0.793,0.785,0.702,0.576,0.703,0.632,0.43,24.1,11.3,19.5,38.8,72.59,100.0,97.56,74.28,68.77,66.6,9.31,632.06,0.516,0.489
2019,RM_RIDE,23.0,Região Metropolitana de Fortaleza (CE),0.772,0.798,0.788,0.732,0.594,0.708,0.663,0.447,23.1,11.3,15.9,39.0,72.88,99.14,94.56,75.99,62.29,71.03,9.89,761.47,0.57,0.591
2019,RM_RIDE,24.0,Região Metropolitana de Natal (RN),0.776,0.845,0.734,0.752,0.584,0.761,0.618,0.424,24.6,9.9,15.8,43.6,75.67,99.1,95.25,50.87,51.91,71.45,10.32,861.43,0.559,0.593
2019,RM_RIDE,25.0,Região Metropolitana de João Pessoa (PB),0.753,0.817,0.713,0.734,0.548,0.731,0.574,0.393,27.2,10.5,19.5,46.5,74.04,92.37,94.08,56.56,53.03,66.33,9.64,769.36,0.595,0.666
2019,RM_RIDE,26.0,Região Metropolitana de Recife (PE),0.782,0.832,0.791,0.728,0.592,0.756,0.683,0.402,24.3,9.1,13.6,44.8,74.9,97.7,91.9,74.51,62.21,74.17,10.35,742.5,0.59,0.622
2019,RM_RIDE,27.0,Região Metropolitana de Maceió (AL),0.734,0.82,0.699,0.689,0.571,0.736,0.573,0.441,22.2,10.2,18.0,36.0,74.2,93.46,93.21,64.15,44.88,62.49,9.18,583.84,0.504,0.435
2019,RM_RIDE,28.0,Região Metropolitana de Aracaju (SE),0.766,0.818,0.738,0.744,0.577,0.735,0.647,0.403,24.8,10.2,12.3,45.9,74.06,97.0,90.65,56.47,48.55,74.93,10.69,818.04,0.587,0.631
2019,RM_RIDE,29.0,Região Metropolitana de Salvador (BA),0.782,0.801,0.786,0.76,0.603,0.702,0.7,0.446,22.9,12.3,10.9,41.3,73.04,100.0,97.19,61.51,55.75,78.51,11.05,908.22,0.577,0.608
2019,RM_RIDE,31.0,Região Metropolitana de Belo Horizonte (MG),0.816,0.88,0.807,0.765,0.663,0.813,0.718,0.5,18.7,7.6,11.0,34.6,77.81,99.61,98.3,76.72,63.58,73.38,10.39,934.82,0.51,0.455
2019,RM_RIDE,32.0,Região Metropolitana de Grande Vitória (ES),0.822,0.931,0.767,0.778,0.661,0.876,0.683,0.482,19.6,5.9,10.9,38.1,80.85,98.13,94.54,59.53,59.8,74.29,10.7,1016.04,0.552,0.548
2019,RM_RIDE,33.0,Região Metropolitana de Rio de Janeiro (RJ),0.835,0.918,0.793,0.799,0.664,0.861,0.714,0.476,20.5,6.2,10.0,40.4,80.08,94.91,91.3,71.58,60.42,78.82,11.11,1155.21,0.564,0.572
2019,RM_RIDE,35.0,Região Metropolitana de São Paulo (SP),0.869,0.937,0.862,0.813,0.707,0.885,0.778,0.514,18.6,5.5,9.8,36.8,81.22,98.86,96.98,83.36,80.03,79.28,11.02,1260.37,0.567,0.572
2019,RM_RIDE,41.0,Região Metropolitana de Curitiba (PR),0.842,0.903,0.82,0.806,0.7,0.845,0.734,0.553,16.9,6.4,10.5,31.4,79.17,96.26,97.22,73.65,70.81,77.28,10.91,1208.74,0.506,0.441
2019,RM_RIDE,42.0,Região Metropolitana de Florianópolis (SC),0.865,0.911,0.853,0.834,0.738,0.854,0.785,0.6,14.7,6.3,8.0,28.1,79.67,94.3,97.05,81.74,72.42,83.21,11.71,1436.47,0.47,0.382
2019,RM_RIDE,43.0,Região Metropolitana de Porto Alegre (RS),0.814,0.888,0.752,0.807,0.674,0.825,0.685,0.541,17.2,7.1,8.9,33.0,78.29,92.82,91.6,65.04,50.78,75.29,10.81,1211.2,0.51,0.448
2019,RM_RIDE,51.0,Região Metropolitana de Vale do Rio Cuiabá (MT),0.802,0.826,0.818,0.763,0.649,0.735,0.721,0.517,19.0,11.0,11.9,32.3,74.53,93.0,97.59,77.55,67.86,77.47,10.7,924.43,0.518,0.473
2019,RM_RIDE,52.0,Região Metropolitana de Goiânia (GO),0.795,0.823,0.805,0.757,0.652,0.739,0.703,0.534,17.9,10.2,12.7,29.5,74.4,86.67,98.45,78.75,70.45,74.6,10.48,887.93,0.458,0.357
2020,RM_RIDE,13.0,Região Metropolitana de Manaus (AM),0.748,0.751,0.808,0.691,0.591,0.654,0.732,0.431,21.0,12.9,9.4,37.6,70.05,86.55,95.62,72.5,68.02,80.96,11.08,590.1,0.524,0.47
2020,RM_RIDE,15.0,Região Metropolitana de Belém (PA),0.765,0.803,0.774,0.72,0.615,0.721,0.692,0.466,19.6,10.2,10.6,35.3,73.15,93.18,93.93,68.74,55.68,76.3,10.65,706.97,0.512,0.447
2020,RM_RIDE,16.0,Região Metropolitana de Macapá (AP),0.733,0.788,0.737,0.678,0.569,0.671,0.635,0.433,22.3,14.8,13.9,36.1,72.26,71.08,93.63,69.42,56.32,75.95,10.5,543.0,0.499,0.446
2020,RM_RIDE,21.0,Região Metropolitana de Grande São Luís (MA),0.741,0.733,0.828,0.671,0.591,0.634,0.745,0.437,20.3,13.5,10.0,34.9,68.98,95.44,83.28,79.08,73.15,83.12,10.97,520.38,0.485,0.401
2020,RM_RIDE,22.0,Região Administrativa Integrada de Desenvolvimento da Grande Teresina (PI),0.749,0.765,0.804,0.682,0.586,0.673,0.659,0.453,21.7,12.0,18.0,33.6,70.92,100.0,93.96,80.85,70.64,69.68,9.68,556.49,0.471,0.403
2020,RM_RIDE,23.0,Região Metropolitana de Fortaleza (CE),0.776,0.771,0.82,0.74,0.599,0.68,0.705,0.449,22.8,11.8,14.0,39.3,71.25,96.88,96.03,79.24,71.14,74.86,10.45,798.25,0.559,0.554
2020,RM_RIDE,24.0,Região Metropolitana de Natal (RN),0.78,0.819,0.771,0.751,0.607,0.729,0.668,0.46,22.2,11.0,13.4,38.8,74.15,93.02,95.99,69.94,55.64,74.16,10.78,858.5,0.532,0.508
2020,RM_RIDE,25.0,Região Metropolitana de João Pessoa (PB),0.743,0.792,0.723,0.716,0.558,0.703,0.595,0.416,24.8,11.2,17.7,41.9,72.54,81.63,92.9,73.03,48.03,69.3,9.9,688.44,0.566,0.566
2020,RM_RIDE,26.0,Região Metropolitana de Recife (PE),0.775,0.809,0.811,0.709,0.609,0.731,0.725,0.427,21.4,9.7,10.6,39.8,73.52,95.17,95.37,73.04,69.21,77.04,10.73,660.3,0.549,0.512
2020,RM_RIDE,27.0,Região Metropolitana de Maceió (AL),0.724,0.795,0.685,0.697,0.561,0.708,0.564,0.443,22.5,10.9,17.6,36.5,72.72,85.72,93.5,54.47,46.52,65.51,9.59,610.5,0.525,0.473
2020,RM_RIDE,28.0,Região Metropolitana de Aracaju (SE),0.765,0.792,0.769,0.736,0.6,0.708,0.678,0.451,21.5,10.6,11.8,38.7,72.54,92.17,95.62,67.63,51.48,77.15,10.95,781.38,0.538,0.515
2020,RM_RIDE,29.0,Região Metropolitana de Salvador (BA),0.772,0.773,0.786,0.756,0.583,0.673,0.703,0.418,24.5,13.0,10.6,44.7,71.39,91.32,90.11,71.4,58.49,80.18,11.22,883.03,0.594,0.639
2020,RM_RIDE,31.0,Região Metropolitana de Belo Horizonte (MG),0.809,0.858,0.811,0.76,0.667,0.789,0.731,0.515,17.5,8.1,9.9,32.3,76.46,93.86,97.89,79.0,66.32,75.1,10.59,903.88,0.494,0.415
2020,RM_RIDE,32.0,Região Metropolitana de Grande Vitória (ES),0.817,0.912,0.785,0.762,0.653,0.855,0.7,0.466,20.0,6.2,10.8,38.8,79.71,89.91,95.86,68.94,66.31,75.14,10.83,914.77,0.526,0.48
2020,RM_RIDE,33.0,Região Metropolitana de Rio de Janeiro (RJ),0.826,0.898,0.799,0.786,0.658,0.839,0.729,0.465,20.4,6.6,8.8,40.9,78.89,85.4,95.54,76.4,61.11,80.49,11.31,1063.03,0.565,0.547
2020,RM_RIDE,35.0,Região Metropolitana de São Paulo (SP),0.859,0.918,0.86,0.803,0.689,0.863,0.779,0.487,19.8,6.0,9.4,39.4,80.09,92.67,98.1,82.82,81.12,80.89,11.25,1186.32,0.57,0.568
2020,RM_RIDE,41.0,Região Metropolitana de Curitiba (PR),0.835,0.883,0.84,0.784,0.689,0.824,0.749,0.53,17.4,6.7,10.8,32.4,77.96,91.36,96.07,85.15,75.52,78.17,10.99,1052.65,0.483,0.382
2020,RM_RIDE,42.0,Região Metropolitana de Florianópolis (SC),0.85,0.891,0.843,0.818,0.727,0.83,0.778,0.594,14.5,6.8,7.7,27.4,78.48,96.17,95.03,75.78,67.61,85.77,11.97,1299.63,0.468,0.374
2020,RM_RIDE,43.0,Região Metropolitana de Porto Alegre (RS),0.802,0.867,0.746,0.797,0.665,0.8,0.681,0.54,17.1,7.7,8.7,32.3,76.99,80.46,92.55,66.5,55.55,76.34,10.91,1138.78,0.507,0.433
2020,RM_RIDE,51.0,Região Metropolitana de Vale do Rio Cuiabá (MT),0.776,0.8,0.77,0.759,0.627,0.708,0.688,0.505,19.3,11.5,10.6,33.5,73.0,88.87,94.48,72.01,50.55,78.01,11.06,897.57,0.548,0.524
2020,RM_RIDE,52.0,Região Metropolitana de Goiânia (GO),0.785,0.797,0.819,0.742,0.646,0.709,0.729,0.522,17.8,11.1,11.0,29.7,72.81,94.43,96.71,76.86,71.57,76.2,10.71,808.33,0.453,0.333
2021,RM_RIDE,13.0,Região Metropolitana de Manaus (AM),0.711,0.709,0.758,0.67,0.551,0.61,0.688,0.398,22.6,14.0,9.3,40.6,67.53,71.89,93.56,71.12,56.9,80.9,11.05,517.88,0.535,0.51
2021,RM_RIDE,15.0,Região Metropolitana de Belém (PA),0.745,0.764,0.76,0.711,0.573,0.678,0.694,0.399,23.1,11.2,8.7,43.9,70.83,87.7,93.89,62.19,53.0,79.79,11.18,667.22,0.582,0.612
2021,RM_RIDE,16.0,Região Metropolitana de Macapá (AP),0.695,0.749,0.668,0.671,0.527,0.629,0.569,0.409,24.1,16.0,14.8,39.0,69.93,56.52,93.14,56.05,44.66,76.03,10.68,521.29,0.516,0.45
2021,RM_RIDE,21.0,Região Metropolitana de Grande São Luís (MA),0.719,0.689,0.811,0.665,0.552,0.59,0.72,0.395,23.3,14.3,11.2,40.6,66.34,86.71,96.17,74.73,64.65,82.07,10.87,502.51,0.528,0.486
2021,RM_RIDE,22.0,Região Administrativa Integrada de Desenvolvimento da Grande Teresina (PI),0.721,0.724,0.765,0.676,0.559,0.629,0.627,0.442,22.5,13.1,18.1,34.6,68.41,97.87,93.21,63.88,66.05,69.31,9.63,536.33,0.479,0.421
2021,RM_RIDE,23.0,Região Metropolitana de Fortaleza (CE),0.745,0.729,0.8,0.709,0.571,0.636,0.687,0.427,23.3,12.7,14.1,39.8,68.75,92.68,95.19,73.93,68.89,74.83,10.15,660.94,0.545,0.53
2021,RM_RIDE,24.0,Região Metropolitana de Natal (RN),0.743,0.781,0.699,0.752,0.552,0.69,0.592,0.411,25.7,11.6,15.3,45.3,71.85,77.62,93.95,58.64,42.82,73.16,10.51,862.56,0.588,0.655
2021,RM_RIDE,25.0,Região Metropolitana de João Pessoa (PB),0.725,0.754,0.72,0.703,0.544,0.664,0.593,0.408,25.0,11.9,17.6,41.9,70.22,78.58,87.02,66.71,60.61,69.83,9.85,633.81,0.589,0.625
2021,RM_RIDE,26.0,Região Metropolitana de Recife (PE),0.746,0.773,0.782,0.688,0.56,0.693,0.675,0.375,25.0,10.4,13.7,45.5,71.36,85.24,95.18,71.51,65.19,76.11,10.34,578.34,0.581,0.615
2021,RM_RIDE,27.0,Região Metropolitana de Maceió (AL),0.717,0.758,0.712,0.682,0.546,0.67,0.591,0.411,23.8,11.6,17.0,39.7,70.49,81.93,93.33,63.4,49.12,69.74,9.81,558.07,0.537,0.512
2021,RM_RIDE,28.0,Região Metropolitana de Aracaju (SE),0.739,0.753,0.746,0.719,0.555,0.666,0.659,0.389,24.9,11.5,11.6,45.9,70.16,78.25,95.53,56.58,63.91,76.53,10.62,700.58,0.605,0.663
2021,RM_RIDE,29.0,Região Metropolitana de Salvador (BA),0.727,0.732,0.734,0.716,0.548,0.633,0.663,0.392,24.7,13.5,9.7,45.3,68.9,74.63,90.16,64.94,47.51,82.52,11.15,689.88,0.582,0.613
2021,RM_RIDE,31.0,Região Metropolitana de Belo Horizonte (MG),0.797,0.824,0.801,0.767,0.644,0.752,0.727,0.489,19.2,8.7,9.3,36.3,74.41,92.17,98.99,66.38,67.21,77.87,11.0,948.38,0.525,0.494
2021,RM_RIDE,32.0,Região Metropolitana de Grande Vitória (ES),0.796,0.883,0.769,0.743,0.631,0.824,0.69,0.442,20.7,6.7,10.3,40.5,77.99,93.73,93.89,64.04,56.54,76.61,10.86,814.58,0.54,0.519
2021,RM_RIDE,33.0,Região Metropolitana de Rio de Janeiro (RJ),0.805,0.869,0.774,0.776,0.626,0.806,0.704,0.432,22.2,7.2,9.0,44.3,77.12,82.19,91.49,70.31,59.11,80.77,11.43,998.53,0.581,0.586
2021,RM_RIDE,35.0,Região Metropolitana de São Paulo (SP),0.842,0.89,0.849,0.791,0.677,0.831,0.773,0.484,19.6,6.6,9.0,38.8,78.4,90.65,96.14,80.77,77.93,82.14,11.41,1100.21,0.563,0.566
2021,RM_RIDE,41.0,Região Metropolitana de Curitiba (PR),0.81,0.853,0.809,0.77,0.673,0.792,0.729,0.528,16.9,7.2,9.9,31.4,76.15,90.66,96.4,71.98,69.27,78.55,11.07,964.33,0.488,0.403
2021,RM_RIDE,42.0,Região Metropolitana de Florianópolis (SC),0.833,0.862,0.83,0.808,0.696,0.798,0.745,0.566,16.5,7.4,10.2,30.0,76.71,94.68,75.24,87.05,72.52,84.22,11.86,1222.76,0.484,0.405
2021,RM_RIDE,43.0,Região Metropolitana de Porto Alegre (RS),0.788,0.834,0.749,0.783,0.653,0.766,0.688,0.528,17.2,8.2,8.2,32.6,75.05,82.72,94.76,67.36,47.89,78.4,11.19,1043.91,0.491,0.427
2021,RM_RIDE,51.0,Região Metropolitana de Vale do Rio Cuiabá (MT),0.76,0.762,0.792,0.727,0.611,0.664,0.701,0.49,19.6,12.8,11.5,32.6,70.73,86.29,95.09,79.22,57.97,78.4,10.98,736.42,0.484,0.407
2021,RM_RIDE,52.0,Região Metropolitana de Goiânia (GO),0.764,0.758,0.8,0.735,0.61,0.668,0.699,0.485,20.2,11.9,12.6,34.0,70.48,81.02,95.93,88.05,65.03,75.08,10.59,777.14,0.5,0.422
