id_unidade_federativa,nome_unidade_federativa,ano,internacoes,dias_internacao,indice_gini,renda_per_capita,pib_milhares,obitos_hospitalares,populacao,obitos_evitaveis,idhm,media_leitos_repouso_fem,mediana_leitos_repouso_fem,desvio_padrao_leitos_repouso_fem,media_leitos_repouso_masc,mediana_leitos_repouso_masc,desvio_padrao_leitos_repouso_masc,media_leitos_repouso_ind,mediana_leitos_repouso_ind,desvio_padrao_leitos_repouso_ind,media_leitos_repouso_ped,mediana_leitos_repouso_ped,desvio_padrao_leitos_repouso_ped,media_total_leitos_repouso,mediana_total_leitos_repouso,desvio_padrao_total_leitos_repouso,media_leitos_uti_nao_sus,mediana_leitos_uti_nao_sus,desvio_padrao_leitos_uti_nao_sus,media_leitos_enf_nao_sus,mediana_leitos_enf_nao_sus,desvio_padrao_leitos_enf_nao_sus,media_leitos_enf_total,mediana_leitos_enf_total,desvio_padrao_leitos_enf_total,media_leitos_uti_sus,mediana_leitos_uti_sus,desvio_padrao_leitos_uti_sus,media_leitos_enf_sus,mediana_leitos_enf_sus,desvio_padrao_leitos_enf_sus,media_leitos_uti_total,mediana_leitos_uti_total,desvio_padrao_leitos_uti_total,media_equip_diag_imagem_total,mediana_equip_diag_imagem_total,desvio_padrao_equip_diag_imagem_total,media_equip_diag_imagem_sus,mediana_equip_diag_imagem_sus,desvio_padrao_equip_diag_imagem_sus,media_equip_diag_imagem_nao_sus,mediana_equip_diag_imagem_nao_sus,desvio_padrao_equip_diag_imagem_nao_sus,media_equip_totais_total,mediana_equip_totais_total,desvio_padrao_equip_totais_total,media_equip_totais_sus,mediana_equip_totais_sus,desvio_padrao_equip_totais_sus,media_equip_totais_nao_sus,mediana_equip_totais_nao_sus,desvio_padrao_equip_totais_nao_sus,media_equip_manut_vida_total,mediana_equip_manut_vida_total,desvio_padrao_equip_manut_vida_total,media_equip_manut_vida_sus,mediana_equip_manut_vida_sus,desvio_padrao_equip_manut_vida_sus,media_equip_manut_vida_nao_sus,mediana_equip_manut_vida_nao_sus,desvio_padrao_equip_manut_vida_nao_sus,media_equip_met_graficos_total,mediana_equip_met_graficos_total,desvio_padrao_equip_met_graficos_total,media_equip_met_graficos_sus,mediana_equip_met_graficos_sus,desvio_padrao_equip_met_graficos_sus,media_equip_met_graficos_nao_sus,mediana_equip_met_graficos_nao_sus,desvio_padrao_equip_met_graficos_nao_sus
11,Rondônia,2018,120605,559718,0.497,1431,44913978.5,3476,1701892,5047,0.73,57.33,58,1.56,52.33,53,1.56,278.92,278,2.31,77.08,78,1.51,465.67,467,5.84,164.25,159,18.97,1051.83,1038,48.44,4372.58,4369,46.08,261.83,264,3.21,3320.75,3318,22.54,426.08,423,16.16,1075.17,1074,22.57,319.25,317,7.48,755.92,758,16.98,16095.33,16131,508.86,2356.92,2354,30.23,13738.42,13784,482.33,3827.08,3882,122.11,471.75,473,5.38,3355.33,3414,121.16,286.25,285,6.86,105.67,105,1.23,180.58,180,5.95
12,Acre,2018,44484,216073,0.559,1202,15331122.6,1500,851504,2525,0.733,39.0,39,0.0,30.0,30,0.0,113.0,120,16.35,60.5,64,8.17,242.5,253,24.52,35.92,37,2.61,151.83,155,18.26,1456.92,1459,17.28,105.67,105,2.1,1305.08,1304,3.5,141.58,142,1.0,276.75,278,2.34,98.25,98,2.6,178.5,178,1.93,4739.92,4733,168.06,1483.83,1478,15.21,3256.08,3254,155.78,1054.08,1052,23.35,212.08,212,1.0,842.0,839,23.03,49.92,49,1.38,30.92,31,0.29,19.0,18,1.28
13,Amazonas,2018,189023,995587,0.545,1051,100109235.1,5957,4018483,10870,0.718,235.75,234,6.52,201.5,202,9.04,480.0,482,5.33,266.83,266,4.43,1184.08,1176,22.61,225.92,228,13.06,818.75,819,19.55,5771.0,5773,32.76,633.67,633,3.63,4952.25,4953,27.9,859.58,861,13.03,1333.33,1332,14.82,687.83,687,5.37,645.5,645,13.35,21884.0,21789,544.22,4923.75,4928,54.86,16960.25,16857,494.54,8004.83,7993,100.41,860.08,858,10.77,7144.75,7140,92.54,339.17,340,10.76,162.58,162,1.93,176.58,178,8.96
14,Roraima,2018,44403,242849,0.567,1466,13369987.7,1349,587497,1797,0.76,0.0,0,0.0,0.0,0,0.0,69.83,70,0.58,13.0,13,0.0,82.83,83,0.58,19.42,20,2.02,77.5,82,9.86,1024.33,1050,51.96,74.75,74,2.01,946.83,970,56.77,94.17,94,0.39,238.42,239,3.12,107.17,108,1.75,131.25,131,1.76,6291.58,6381,181.83,1284.33,1295,30.34,5007.25,5087,153.44,1597.75,1603,12.45,151.92,154,2.94,1445.83,1449,9.81,71.75,72,1.14,47.0,47,1.28,24.75,25,0.45
15,Pará,2018,499670,2055903,0.561,1084,161349602.0,11779,8339467,24970,0.707,293.92,295,6.32,303.58,304,2.78,740.75,744,12.91,365.08,366,9.07,1703.33,1712,26.16,646.5,643,17.12,4407.83,4469,151.62,15129.92,15222,182.81,911.5,904,13.11,10722.08,10728,53.69,1558.0,1548,18.71,2942.75,2945,59.62,1110.42,1115,20.09,1832.33,1825,40.68,45294.08,45156,963.27,9064.92,9067,135.43,36229.17,36082,831.65,13453.92,13387,229.36,1590.58,1584,14.34,11863.33,11788,218.09,878.08,883,21.24,342.0,342,4.29,536.08,537,17.56
16,Amapá,2018,36306,194980,0.548,1105,16795206.7,1037,772784,2117,0.741,20.0,20,0.0,22.0,22,0.0,77.5,76,3.94,33.25,32,2.6,152.75,151,6.54,63.75,66,8.1,152.33,157,22.78,1156.33,1151,18.72,62.42,55,11.08,1004.0,1013,27.24,126.17,121,14.06,240.25,243,12.01,76.08,75,2.78,164.17,167,9.81,3074.92,3115,169.99,444.75,444,16.77,2630.17,2672,154.25,671.33,665,16.96,106.58,106,3.9,564.75,557,13.71,61.5,61,2.84,21.67,21,1.3,39.83,40,1.95
17,Tocantins,2018,72722,397890,0.53,1359,35666183.1,2415,1511702,4545,0.749,158.33,158,1.15,140.83,143,2.89,206.67,208,3.55,133.25,132,1.54,639.08,640,4.17,136.25,142,10.18,499.67,520,38.45,2815.58,2836,76.94,220.25,220,0.45,2315.92,2343,50.81,356.5,363,10.1,737.33,739,14.33,417.25,419,6.3,320.08,319,8.95,10864.83,10880,115.02,3832.42,3840,45.83,7032.42,7040,70.41,4592.75,4588,15.85,699.42,700,6.99,3893.33,3891,9.89,210.75,212,4.0,109.5,109,2.11,101.25,101,2.18
21,Maranhão,2018,471053,2122834,0.527,848,98179495.6,11006,6917016,20287,0.686,207.5,208,3.94,196.0,197,3.46,705.25,709,11.69,237.42,238,5.26,1346.17,1352,22.53,470.42,473,16.92,1552.33,1578,88.21,14004.5,14002,137.07,732.08,733,16.51,12452.17,12437,68.38,1202.5,1202,27.13,2010.75,2010,23.73,1056.75,1051,12.34,954.0,956,13.16,26994.33,26988,1039.12,9206.33,9164,261.64,17788.0,17824,780.96,9462.5,9482,572.05,1351.33,1364,34.65,8111.17,8117,538.79,675.42,673,7.38,368.17,369,6.0,307.25,307,4.37
22,Piauí,2018,206219,984619,0.53,1100,50378417.6,5860,3302227,10647,0.699,88.75,89,2.7,67.58,65,4.14,224.92,221,6.29,77.58,74,6.22,458.83,449,18.22,218.5,216,16.07,1001.75,982,36.87,7580.17,7596,30.54,344.33,345,6.23,6578.42,6583,51.42,562.83,553,19.73,1218.33,1219,14.23,613.75,614,5.17,604.58,605,9.33,14589.58,14521,160.48,5484.67,5490,15.49,9104.92,9031,152.06,3684.75,3638,103.8,654.0,654,6.47,3030.75,2978,107.86,379.75,378,6.18,161.0,161,1.48,218.75,217,7.2
23,Ceará,2018,505865,2809399,0.547,1213,155903824.8,19360,8976628,30902,0.739,300.83,301,4.17,316.67,319,6.5,862.58,863,15.85,366.08,363,7.69,1846.17,1852,20.39,641.67,660,36.19,4212.75,4239,196.03,18144.67,18154,216.87,1185.42,1183,8.53,13931.92,13916,126.06,1827.08,1850,42.09,4545.08,4545,60.08,1402.92,1394,23.77,3142.17,3153,43.3,62672.67,62543,1327.61,14884.92,14830,279.09,47787.75,47710,1081.03,19200.42,19212,177.93,2143.08,2137,40.71,17057.33,17069,149.03,1338.58,1337,12.71,446.0,443,6.42,892.58,893,8.05
24,Rio Grande do Norte,2018,175484,1014910,0.54,1259,66969562.0,6713,3375511,11707,0.739,201.08,202,4.56,154.75,155,3.36,446.75,457,18.99,169.92,173,6.14,972.5,985,27.68,276.75,286,21.9,1280.17,1323,94.91,7378.75,7439,123.29,465.67,466,7.67,6098.58,6110,31.8,742.42,753,26.19,1324.17,1324,18.04,782.5,780,11.61,541.67,544,8.09,19241.17,19261,305.49,6003.58,5984,71.21,13237.58,13242,243.21,6535.5,6565,109.66,1058.0,1057,8.0,5477.5,5514,111.94,550.17,551,6.0,316.25,316,4.27,233.92,233,2.43
25,Paraíba,2018,189449,1058445,0.551,1215,64373595.4,8916,4008413,14034,0.711,218.58,221,5.55,203.92,205,5.45,350.25,356,10.15,188.33,189,3.73,961.08,968,20.04,264.33,265,16.94,1601.0,1614,90.35,8461.0,8449,80.34,591.83,586,14.66,6860.0,6852,32.61,856.17,864,22.45,2070.25,2074,19.65,1011.5,1012,10.57,1058.75,1062,22.23,25849.17,26248,738.34,8399.33,8402,132.54,17449.83,17837,618.84,8332.08,8488,296.5,1341.5,1341,18.88,6990.58,7131,279.59,728.75,732,12.29,408.83,408,5.57,319.92,322,7.77
26,Pernambuco,2018,551507,2985769,0.535,1184,186351975.3,23679,9348293,35659,0.735,416.42,411,13.67,379.67,370,16.51,1046.83,1048,18.22,492.08,482,19.58,2335.0,2317,52.25,1053.5,1054,21.75,4711.58,4714,151.07,21221.75,21225,68.08,1393.75,1376,23.08,16510.17,16466,154.95,2447.25,2434,41.72,3920.0,3908,61.55,1627.75,1626,24.4,2292.25,2285,38.88,58723.42,58605,1508.35,13032.08,13056,154.38,45691.33,45548,1363.91,27058.33,27091,749.95,2324.0,2323,5.66,24734.33,24769,752.88,1514.67,1510,19.39,497.58,496,4.83,1017.08,1015,14.9
27,Alagoas,2018,175333,871602,0.55,975,54413046.7,6588,3200128,11863,0.689,93.83,93,7.64,82.83,79,7.49,275.58,276,3.55,112.75,114,3.25,565.0,565,16.23,242.42,246,29.42,1336.67,1427,225.41,6089.67,6180,350.43,470.58,469,4.14,4753.0,4788,141.43,713.0,716,31.75,1371.0,1381,25.26,568.08,571,6.71,802.92,810,18.77,17400.08,17515,274.26,4352.75,4370,43.59,13047.33,13133,233.39,5212.25,5166,104.21,475.58,474,5.07,4736.67,4692,100.04,414.17,417,8.77,225.58,225,2.78,188.58,192,6.3
28,Sergipe,2018,93194,531559,0.576,1199,42017981.3,4664,2227068,7714,0.71,128.67,130,1.97,103.67,102,2.06,165.0,166,1.91,149.0,149,0.0,546.33,547,5.1,147.92,149,3.75,797.75,788,18.59,3150.5,3143,30.06,344.08,344,0.29,2352.75,2358,19.3,492.0,493,3.46,834.5,837,9.71,401.42,404,6.96,433.08,433,3.26,10324.58,10315,78.52,2892.0,2876,43.43,7432.58,7437,36.09,3663.58,3659,9.44,425.67,426,2.39,3237.92,3233,10.15,271.08,272,2.97,145.0,145,2.7,126.08,126,0.79
29,Bahia,2018,830924,3857111,0.548,1195,286239541.1,29800,14632652,52033,0.71,776.42,778,13.83,673.67,673,8.04,1635.5,1630,20.83,725.58,725,9.17,3811.17,3809,47.16,1322.67,1327,49.45,6175.67,6196,90.86,29291.17,29314,189.48,1620.25,1621,40.54,23115.5,23158,114.4,2942.92,2953,74.78,7891.08,7916,121.74,2985.67,2986,72.92,4905.42,4924,51.09,94001.33,93967,1738.2,22727.0,22667,403.27,71274.33,71299,1344.96,37382.75,37474,507.32,4241.33,4232,67.2,33141.42,33261,448.51,2320.42,2324,44.34,934.67,934,25.13,1385.75,1390,19.55
31,Minas Gerais,2018,1248311,6377639,0.492,1734,614875819.8,57338,20801238,74469,0.784,1096.33,1109,28.95,1037.08,1073,52.79,2119.33,2119,23.2,922.25,922,3.39,5175.0,5208,63.07,1816.83,1816,33.3,13615.08,13584,96.06,41152.92,41184,147.29,3319.92,3318,36.66,27537.83,27505,147.34,5136.75,5135,12.23,14086.33,14082,175.83,4398.83,4388,76.68,9687.5,9694,100.1,198662.08,198872,3455.92,36642.33,36542,458.08,162019.75,162330,3007.63,72675.08,72768,1088.98,7807.67,7801,80.46,64867.42,64967,1013.38,5956.83,5950,77.7,2243.5,2242,33.85,3713.33,3707,44.42
32,Espírito Santo,2018,242427,1196753,0.507,1753,137020054.9,9001,3937119,13411,0.788,189.92,189,3.53,178.42,178,3.48,415.33,414,3.52,216.08,210,13.93,999.75,999,18.68,659.17,659,16.54,2445.75,2435,41.88,7625.67,7599,54.72,633.83,631,6.1,5179.92,5172,27.4,1293.0,1292,15.34,3250.58,3243,69.52,873.83,873,11.71,2376.75,2370,58.97,39856.92,39658,884.01,6447.42,6452,40.39,33409.5,33206,846.89,15030.5,15036,101.92,1206.67,1211,9.69,13823.83,13823,104.7,1003.0,1002,5.85,331.33,332,2.1,671.67,671,6.3
33,Rio de Janeiro,2018,705270,4837449,0.544,2153,758859046.9,47758,17148943,79752,0.805,802.92,804,6.92,834.5,836,7.42,2792.17,2808,95.2,1012.67,1016,18.76,5442.25,5467,122.74,5445.42,5521,212.0,14965.58,15174,658.99,37939.83,38408,940.14,2463.08,2457,31.35,22974.25,23120,472.93,7908.5,7960,194.18,11794.08,11820,165.26,2992.0,3001,20.99,8802.08,8816,146.81,171922.17,172284,3266.71,20061.08,20115,130.72,151861.08,152175,3167.09,79006.0,78862,1820.96,3727.0,3728,23.12,75279.0,75153,1809.45,4984.58,4998,74.55,1343.42,1345,10.19,3641.17,3656,66.5
35,São Paulo,2018,2449180,12804212,0.539,2496,2210561949.5,122932,45062167,163859,0.837,2020.08,2017,9.64,1867.67,1867,10.66,5268.0,5283,106.45,2604.42,2602,11.33,11760.17,11782,118.74,8013.42,8033,162.29,38442.75,38442,248.49,92252.83,92290,362.0,7033.0,7020,39.23,53810.08,53781,169.96,15046.42,15067,168.67,36713.08,36696,508.71,7672.42,7657,108.59,29040.67,29039,402.1,488770.83,488616,9280.08,53374.0,53422,693.22,435396.83,435194,8595.61,200973.42,200881,3579.57,12473.67,12516,133.11,188499.75,188364,3452.83,12729.67,12708,153.95,4368.0,4366,40.14,8361.67,8342,114.39
41,Paraná,2018,867391,3861510,0.491,2112,440029402.9,33272,11373980,41730,0.805,463.58,468,9.89,429.75,434,8.97,1372.67,1374,11.1,413.33,426,22.63,2679.33,2711,50.58,1293.0,1305,36.81,8032.67,8061,65.79,27248.92,27246,96.12,2178.5,2162,41.07,19216.25,19212,55.86,3471.5,3477,65.9,10159.25,10135,136.74,2608.58,2611,39.33,7550.67,7524,98.14,116195.42,115789,2424.61,18658.33,18667,234.22,97537.08,97122,2192.64,39688.83,39414,841.53,4249.58,4251,33.78,35439.25,35163,810.58,2680.58,2670,35.7,942.67,942,8.33,1737.92,1728,27.55
42,Santa Catarina,2018,492952,2282051,0.418,2189,298227090.0,20570,7266127,23442,0.819,305.08,305,1.68,337.0,336,1.48,884.0,887,13.68,280.25,281,2.01,1806.33,1808,15.07,535.0,531,37.56,4348.67,4348,54.52,15323.17,15319,91.17,951.67,953,9.33,10974.5,10957,42.38,1486.67,1477,40.46,5673.83,5679,105.69,1806.0,1810,30.53,3867.83,3870,76.17,67601.17,67544,1539.8,12183.83,12177,163.43,55417.33,55367,1379.78,26210.42,26142,437.95,2744.83,2743,16.03,23465.58,23401,422.78,1741.25,1743,38.23,709.17,710,8.26,1032.08,1033,30.19
43,Rio Grande do Sul,2018,747394,4583311,0.486,2208,457293957.6,39097,11167531,47448,0.797,273.83,273,3.79,291.33,291,3.96,1476.33,1459,31.91,468.17,471,17.25,2509.67,2500,50.37,1108.17,1111,21.77,9608.5,9636,61.7,30483.17,30410,282.57,2136.67,2141,24.39,20874.67,20766,242.79,3244.83,3262,33.65,6696.33,6691,110.01,2463.33,2461,12.41,4233.0,4216,104.06,89191.42,89397,1545.14,17874.0,17892,86.15,71317.42,71465,1465.08,37358.08,37402,706.48,3963.5,3965,9.46,33394.58,33436,713.39,2442.33,2444,17.29,1118.67,1119,2.81,1323.67,1324,17.42
50,Mato Grosso do Sul,2018,172062,811007,0.491,1969,106969141.7,6669,2746161,9690,0.77,111.33,111,0.78,106.0,106,0.0,400.5,399,6.11,156.67,152,6.91,774.5,768,12.37,266.33,271,15.08,1981.92,1964,51.2,5547.33,5527,52.26,379.33,371,12.67,3565.42,3565,9.39,645.67,645,5.23,1913.67,1914,23.39,611.17,614,16.24,1302.5,1303,16.51,23638.17,23466,858.17,5173.08,5111,170.54,18465.08,18354,697.2,9982.5,9972,510.59,810.0,814,17.17,9172.5,9157,495.64,578.58,579,15.72,196.92,199,7.01,381.67,382,12.67
51,Mato Grosso,2018,193689,892932,0.465,1848,137442852.8,7191,3490648,11526,0.778,198.08,199,2.07,207.67,209,2.15,327.83,322,12.31,186.0,186,2.66,919.58,917,15.19,633.42,641,18.71,1972.92,1992,46.02,7252.42,7252,52.6,439.67,444,7.44,5279.5,5284,21.31,1073.08,1086,25.14,2212.83,2216,47.49,908.25,908,20.52,1304.58,1307,27.27,28570.17,28412,682.51,7047.08,7024,82.08,21523.08,21404,602.92,10554.83,10485,375.74,1299.17,1298,21.65,9255.67,9195,355.37,721.42,719,25.14,293.42,288,9.23,428.0,429,16.72
52,Goiás,2018,370785,1839520,0.47,1735,195681724.0,12421,6888446,24093,0.771,303.17,300,8.57,275.42,273,7.05,559.17,545,27.29,203.0,204,3.22,1340.75,1323,45.07,771.83,775,18.53,6973.58,7052,161.62,17722.08,17747,212.32,955.25,948,26.04,10748.5,10718,171.08,1727.08,1728,19.68,4478.58,4478,75.96,1700.58,1705,32.83,2778.0,2768,45.43,48773.33,48900,938.14,11120.08,11162,140.94,37653.25,37737,798.8,14741.75,14771,281.11,2324.08,2327,21.61,12417.67,12438,260.84,1290.0,1293,20.02,672.58,674,8.71,617.42,619,11.87
53,Distrito Federal,2018,161945,975004,0.571,3471,254817204.7,5282,2875413,7061,0.845,241.75,268,32.64,107.0,108,1.48,898.33,895,9.82,184.92,185,1.44,1432.0,1450,31.89,1027.25,1020,29.39,2466.92,2448,106.44,6694.17,6735,104.67,321.0,319,9.18,4227.25,4254,63.47,1348.25,1347,27.99,1684.25,1682,101.27,191.0,191,2.37,1493.25,1493,100.99,31608.17,31551,1069.6,1921.5,1922,52.35,29686.67,29654,1088.81,16097.58,16093,212.8,534.58,533,5.25,15563.0,15562,212.49,642.5,646,24.6,92.5,92,1.0,550.0,552,24.46
11,Rondônia,2021,117091,560682,0.458,1378,58170095.7,5707,1729622,9529,0.7,91.33,93,5.5,87.67,88,3.39,317.42,306,23.99,120.33,121,3.6,616.75,618,30.15,411.75,407,24.97,1038.83,1039,12.52,4627.75,4630,56.63,570.0,590,74.45,3588.92,3595,52.02,981.75,996,62.83,1294.67,1301,20.24,376.33,375,3.37,918.33,922,18.24,23677.83,23862,1269.13,3025.75,3026,109.02,20652.08,20836,1162.98,5862.75,5951,453.19,567.25,573,17.31,5295.5,5378,436.11,406.75,413,22.76,144.67,144,1.72,262.08,269,21.29
12,Acre,2021,47544,230885,0.539,1157,21374440.0,2230,868346,3494,0.71,53.0,52,2.52,50.17,51,1.85,90.25,90,10.63,61.83,62,2.89,255.25,254,10.58,218.33,199,93.14,157.58,163,12.92,1625.67,1613,58.24,189.17,191,12.63,1468.08,1447,65.68,407.5,384,97.39,334.08,337,6.82,119.83,121,3.21,214.25,215,4.75,7867.83,8018,390.26,1797.75,1805,40.85,6070.08,6213,353.95,2362.0,2463,297.18,279.33,279,12.55,2082.67,2184,286.62,95.83,97,5.8,49.0,49,3.05,46.83,47,2.89
13,Amazonas,2021,215288,1130623,0.541,948,131531037.8,11727,4160013,19249,0.7,289.58,290,3.29,257.83,259,5.37,489.0,487,11.42,274.25,274,0.75,1310.67,1312,16.43,465.17,443,51.41,838.33,806,58.63,6024.92,6037,82.28,1079.42,1071,88.34,5186.58,5197,50.57,1544.58,1558,52.84,1458.42,1455,21.5,721.83,727,13.59,736.58,731,11.01,32735.83,32548,1384.04,6078.42,6020,190.29,26657.42,26546,1206.53,11826.17,11771,537.01,1089.92,1096,27.55,10736.25,10671,510.95,407.5,407,12.21,182.67,182,2.93,224.83,226,9.43
14,Roraima,2021,44354,298597,0.597,1243,18202579.5,2323,654972,3016,0.699,22.83,22,0.94,37.25,37,0.87,99.0,99,6.52,24.58,24,1.68,183.67,183,8.26,55.33,43,30.96,94.67,104,32.9,1376.0,1335,115.41,170.25,167,25.97,1281.33,1231,101.07,225.58,213,21.81,260.0,256,12.28,125.5,125,3.97,134.5,131,8.67,7730.33,7646,332.63,1568.25,1576,51.37,6162.08,6070,285.12,1846.58,1797,116.15,200.25,202,7.64,1646.33,1595,110.51,83.75,84,1.82,54.83,55,0.39,28.92,29,1.88
15,Pará,2021,481204,2093941,0.528,1061,262904979.1,18238,8520153,32790,0.69,356.5,356,4.42,359.0,359,8.37,839.25,841,7.42,415.67,419,9.84,1970.42,1975,18.25,1110.08,1042,184.61,3548.58,3555,60.72,15205.75,15187,89.02,1764.33,1906,271.66,11657.17,11654,58.49,2874.42,2914,147.14,3042.92,3019,129.06,1262.83,1269,23.74,1780.08,1749,107.11,55327.33,54774,3159.73,10968.83,10975,229.31,44358.5,43799,2937.24,18392.92,18480,939.39,1836.08,1835,44.73,16556.83,16645,896.12,1030.17,1030,31.86,427.08,428,7.0,603.08,600,25.22
16,Amapá,2021,37665,195620,0.53,1168,20099850.5,1625,790871,3239,0.688,22.67,22,0.98,31.67,31,0.98,104.67,104,0.98,53.5,57,5.79,212.5,214,8.14,149.92,148,19.16,123.83,122,3.86,1313.75,1351,88.54,145.5,166,38.11,1189.92,1229,90.69,295.42,296,36.38,356.58,351,17.53,108.0,106,9.69,248.58,246,8.2,5315.42,5345,163.18,752.17,749,24.21,4563.25,4604,142.09,1267.5,1297,89.06,142.58,142,3.75,1124.92,1153,85.66,91.0,92,3.16,33.83,34,1.85,57.17,57,1.75
17,Tocantins,2021,85791,449342,0.515,1313,51780764.4,4194,1548514,7061,0.731,168.0,166,4.49,158.0,156,4.33,230.67,235,5.45,160.0,154,8.24,716.67,712,17.72,397.5,408,72.04,670.33,644,42.61,3039.83,3025,37.77,474.58,521,95.51,2369.5,2375,18.22,872.08,931,129.61,895.42,891,33.89,504.67,510,17.04,390.75,381,17.67,13429.75,13433,782.04,4440.75,4462,75.2,8989.0,8971,709.13,5811.58,5746,637.74,797.17,804,15.81,5014.42,4940,623.13,242.08,241,8.58,119.42,119,1.98,122.67,122,6.93
21,Maranhão,2021,456437,2235016,0.529,789,124980720.0,17708,6988154,26853,0.676,308.67,311,5.28,304.17,308,6.34,766.42,774,16.06,345.08,347,4.06,1724.33,1733,28.1,938.25,944,99.54,1764.83,1785,51.23,15061.25,15025,138.95,1291.83,1319,214.45,13296.42,13291,153.46,2230.08,2251,138.76,2470.67,2483,58.83,1257.58,1257,12.23,1213.08,1218,49.65,40840.33,41113,1102.81,13018.33,12977,265.36,27822.0,28135,854.76,13828.5,14078,448.02,1637.08,1649,27.42,12191.42,12425,421.19,794.0,795,21.23,409.5,409,7.53,384.5,386,13.93
22,Piauí,2021,201523,1002210,0.515,1116,64028302.8,9493,3347856,14521,0.69,116.17,117,1.11,121.92,122,1.31,203.92,207,9.26,97.17,98,1.03,539.17,542,9.9,410.17,377,82.59,1157.67,1154,12.98,8043.17,8051,20.71,704.75,731,95.33,6885.5,6897,25.52,1114.92,1138,41.69,1119.33,1117,32.81,633.0,632,10.57,486.33,485,23.46,15943.58,16201,638.62,5901.0,5902,89.29,10042.58,10299,558.68,5621.0,5841,408.55,760.58,767,23.44,4860.42,5077,386.4,372.92,373,9.59,173.42,173,1.78,199.5,200,8.2
23,Ceará,2021,500912,2974614,0.55,1092,194884801.5,28431,9129520,41749,0.734,592.0,596,15.83,501.0,501,5.8,1032.42,1037,12.81,617.17,619,4.11,2742.58,2750,28.17,1251.25,1205,183.25,4175.0,4144,110.77,19627.67,19663,134.15,2508.0,2605,528.04,15452.67,15449,142.88,3759.25,3883,408.39,5069.25,5085,77.46,1557.25,1563,21.76,3512.0,3519,56.64,87997.58,89158,2968.15,18932.08,18960,236.48,69065.5,70198,2742.24,30593.92,31450,1630.72,2715.67,2737,43.42,27878.25,28695,1588.76,1602.58,1612,32.66,515.92,516,5.53,1086.67,1096,27.75
24,Rio Grande do Norte,2021,178049,994929,0.588,1240,80180733.1,9777,3419382,15256,0.728,221.25,220,5.97,173.33,173,7.4,480.83,477,6.41,158.83,159,4.99,1034.25,1030,18.3,627.08,598,69.9,1539.33,1543,27.08,7884.92,7877,61.79,955.42,995,120.17,6345.58,6334,57.53,1582.5,1628,108.68,1408.58,1426,44.91,907.5,910,12.31,501.08,515,33.45,24558.25,24934,1368.3,6952.08,6978,124.15,17606.17,17956,1245.83,10603.92,10881,650.63,1238.75,1247,23.07,9365.17,9633,628.1,630.67,638,19.77,359.67,360,5.48,271.0,277,14.53
25,Paraíba,2021,186351,1079585,0.562,1047,77470331.0,13212,4087783,19260,0.698,233.0,235,6.08,221.42,223,5.14,396.58,404,12.91,200.5,200,3.58,1051.5,1063,26.32,605.5,598,38.89,1936.0,1946,36.22,9035.75,9035,74.49,1131.08,1206,152.64,7099.75,7120,55.29,1736.58,1801,142.68,2224.08,2212,40.73,1064.25,1060,19.03,1159.83,1151,22.24,30374.92,30361,963.06,9547.5,9519,172.49,20827.42,20842,796.68,10140.42,10230,402.15,1483.08,1481,23.29,8657.33,8748,380.07,822.08,826,12.12,461.5,463,6.14,360.58,361,6.61
26,Pernambuco,2021,545104,3075797,0.58,1007,220813522.5,34009,9470176,47757,0.719,620.0,622,7.43,529.92,532,7.05,1193.42,1203,24.53,641.33,646,15.49,2984.67,3003,52.24,1721.25,1657,139.17,5562.58,5497,151.68,22947.25,22937,104.66,2590.17,2686,339.83,17384.67,17372,87.07,4311.42,4406,253.24,3820.58,3842,113.84,1774.08,1781,28.49,2046.5,2060,85.72,69176.08,70278,3062.68,15394.75,15434,197.2,53781.33,54844,2867.17,33707.42,34199,1292.41,2544.0,2553,38.24,31163.42,31645,1254.91,1652.17,1664,55.11,580.83,580,11.1,1071.33,1083,44.22
27,Alagoas,2021,163984,894852,0.526,1001,76265620.3,9486,3217819,15698,0.684,122.17,122,2.72,105.33,105,2.64,336.42,332,13.96,140.0,137,8.09,703.92,693,24.18,379.25,387,53.6,1108.75,1110,16.03,6458.83,6467,44.63,805.08,832,98.39,5350.08,5359,31.55,1184.33,1202,77.11,1612.25,1613,22.99,684.83,684,15.96,927.42,928,7.45,23522.42,23398,562.3,5834.17,5816,101.79,17688.25,17582,465.2,7517.08,7378,327.41,606.5,604,12.52,6910.58,6774,316.12,491.67,491,6.91,270.75,270,6.51,220.92,221,0.9
28,Sergipe,2021,95407,554862,0.566,1200,51861396.9,6401,2264937,10194,0.702,125.5,125,4.83,102.08,101,4.19,183.58,183,1.44,146.25,147,1.86,557.42,557,9.15,273.33,271,39.74,882.92,884,12.87,3306.08,3314,43.26,557.25,565,96.59,2423.17,2430,32.99,830.58,845,67.36,941.17,939,8.7,437.58,437,7.42,503.58,503,2.23,13915.33,14018,503.55,3388.67,3382,108.59,10526.67,10636,420.15,6056.0,6182,377.74,461.08,466,10.93,5594.92,5715,368.47,349.0,353,12.92,158.92,158,3.42,190.08,195,10.28
29,Bahia,2021,767965,3827724,0.543,1055,352617851.8,40576,14788270,67751,0.691,1079.33,1087,20.66,1051.25,1058,23.12,1851.75,1848,35.22,961.0,966,13.84,4943.33,4979,86.16,2251.83,2248,185.1,5768.58,5791,71.42,30009.25,30037,133.78,3211.58,3233,405.35,24240.67,24250,84.42,5463.42,5562,290.78,8795.67,8799,150.78,3427.42,3415,52.91,5368.25,5384,99.36,119014.5,119487,3326.37,28593.33,28580,508.77,90421.17,90907,2824.58,46431.25,46945,1254.8,5238.67,5302,149.99,41192.58,41629,1107.46,2754.25,2769,62.49,1102.92,1103,21.05,1651.33,1664,41.76
31,Minas Gerais,2021,1226247,6469247,0.486,1658,857593213.6,85876,21117017,109910,0.774,1205.08,1204,11.09,1167.67,1170,15.49,2530.83,2534,34.46,1078.5,1083,13.13,5982.08,6012,63.8,3322.75,3118,384.75,13896.25,13898,85.69,42770.75,42742,113.66,6449.25,6800,855.8,28874.5,28903,157.44,9772.0,10047,556.62,15755.0,15752,289.66,5011.25,5000,63.29,10743.75,10752,227.79,261772.75,263991,10482.61,43840.83,43816,750.19,217931.92,220175,9756.23,101090.58,102925,4808.41,9041.08,9076,97.18,92049.5,93848,4712.34,6825.92,6833,106.76,2523.0,2525,27.81,4302.92,4308,79.49
32,Espírito Santo,2021,260408,1326920,0.507,1725,186336504.8,14696,4027541,19519,0.771,205.25,205,7.91,216.75,220,12.32,479.5,485,11.52,243.25,245,4.22,1144.75,1154,34.11,1076.08,1041,105.38,2778.42,2776,34.39,8160.67,8228,200.01,1519.17,1640,261.0,5382.25,5456,174.57,2595.25,2721,243.76,3309.58,3308,35.96,966.33,966,12.01,2343.25,2342,25.02,50253.75,51463,2934.32,7653.08,7700,140.43,42600.67,43762,2798.49,22275.08,23474,2216.06,1346.17,1359,27.93,20928.92,22115,2188.82,1132.42,1142,30.67,368.75,369,3.86,763.67,772,26.94
33,Rio de Janeiro,2021,742018,4896246,0.566,2096,949300770.4,71689,17220455,112041,0.762,896.08,899,13.28,861.17,863,5.75,2758.33,2755,25.4,1018.83,1020,7.8,5534.42,5533,15.17,7069.67,6956,313.08,14373.58,14323,240.34,35626.17,35583,319.06,4180.0,4497,493.58,21252.58,21116,407.84,11249.67,11269,240.87,11876.42,11897,275.34,3200.42,3217,61.03,8676.0,8690,217.28,192884.5,192458,5863.84,21803.08,21730,335.23,171081.42,170777,5539.68,94203.75,94346,2241.79,3993.08,3990,40.25,90210.67,90367,2207.15,5708.58,5716,114.69,1418.83,1425,13.9,4289.75,4293,101.81
35,São Paulo,2021,2313225,13222002,0.532,2172,2719751231.4,181940,45651915,258618,0.806,2350.0,2345,23.41,2199.58,2195,11.91,5931.75,5947,93.32,2851.5,2853,13.87,13332.83,13335,128.23,11294.5,11112,726.96,38374.5,38365,343.61,94600.25,94594,612.05,12918.92,13557,1888.0,56225.75,56347,607.43,24213.42,24659,1264.97,35058.58,35074,542.56,8392.42,8438,98.97,26666.17,26634,448.5,545100.08,544702,16278.24,62932.42,62911,1047.91,482167.67,481791,15244.58,248589.25,249755,6133.35,14057.92,14097,149.7,234531.33,235643,5991.29,13847.17,13859,224.92,4806.25,4819,38.15,9040.92,9040,188.54
41,Paraná,2021,775718,3899472,0.475,1914,549973061.9,54804,11630298,69520,0.769,647.25,647,9.94,541.08,545,12.46,1428.42,1430,7.35,500.5,498,9.39,3117.25,3113,30.7,1728.92,1694,86.09,8236.0,8104,257.9,27546.75,27558,467.89,3671.67,3847,382.52,19310.75,19280,326.88,5400.58,5492,319.92,11029.75,11061,114.85,2808.25,2808,24.93,8221.5,8253,92.33,144768.25,145370,5585.79,23001.08,23050,314.23,121767.17,122320,5273.25,48931.42,49027,1953.2,4703.17,4742,79.57,44228.25,44285,1878.66,3127.92,3139,49.37,1057.75,1059,11.99,2070.17,2080,37.75
42,Santa Catarina,2021,471649,2388031,0.425,2074,428570888.8,31025,7671648,36257,0.792,517.25,520,6.61,501.92,503,10.45,1025.0,1013,33.41,430.58,434,9.56,2474.75,2473,56.43,988.92,928,157.83,4387.75,4322,115.15,15526.67,15523,93.55,2025.0,2119,317.55,11138.92,11148,100.51,3013.92,3063,176.82,6775.75,6797,157.18,2130.08,2138,55.24,4645.67,4659,102.65,95283.75,96110,4614.14,15466.17,15434,342.04,79817.58,80676,4286.32,37159.08,37626,1998.16,3075.0,3085,32.38,34084.08,34522,1969.21,2183.83,2181,50.44,882.5,879,13.58,1301.33,1301,37.25
43,Rio Grande do Sul,2021,719533,4566067,0.467,2085,581283677.3,56473,11227789,66670,0.771,383.58,383,7.51,385.58,385,6.01,1589.5,1586,21.57,567.58,569,10.72,2926.25,2923,23.3,1644.75,1600,130.09,9435.5,9431,61.74,29561.58,29450,221.33,3743.33,3849,380.49,20126.08,20055,187.26,5388.08,5518,345.04,7596.83,7628,99.47,2586.83,2594,16.04,5010.0,5028,84.53,114310.5,114456,2045.24,19584.92,19575,280.26,94725.58,94881,1781.59,49756.0,49944,788.62,4159.0,4164,25.03,45597.0,45766,765.64,2952.0,2950,27.99,1155.25,1155,6.22,1796.75,1796,22.14
50,Mato Grosso do Sul,2021,172396,874532,0.497,1773,142203766.4,11740,2831943,16049,0.742,144.92,146,2.02,121.92,122,1.0,444.33,439,9.08,174.08,177,4.52,885.25,884,9.53,446.08,428,42.83,1831.58,1841,31.08,5745.42,5757,38.05,748.25,819,131.08,3913.83,3920,39.41,1194.33,1231,92.42,2044.08,2042,33.85,703.17,701,6.22,1340.92,1338,28.19,30219.5,30382,802.81,6114.58,6118,50.18,24104.92,24253,754.03,13690.92,13789,403.78,955.83,956,3.46,12735.08,12829,402.12,611.67,618,18.09,224.08,223,1.78,387.58,394,16.58
51,Mato Grosso,2021,193524,907679,0.462,1668,233390202.6,11217,3666669,19442,0.736,214.67,215,1.07,215.75,214,6.45,425.33,425,8.16,180.33,179,2.02,1036.08,1036,15.68,927.17,894,88.19,1853.17,1847,27.17,7383.92,7361,101.51,1064.5,1162,216.68,5530.75,5518,97.74,1991.67,2047,149.47,2577.42,2575,78.6,1088.25,1077,22.76,1489.17,1498,58.28,40153.17,40585,2179.93,8853.5,8790,271.02,31299.67,31795,1927.01,15945.17,16225,824.06,1594.75,1598,55.04,14350.42,14615,771.49,851.08,858,29.24,394.0,394,9.99,457.08,464,19.76
52,Goiás,2021,382751,1940879,0.467,1629,269627873.9,22832,7133954,39341,0.737,398.58,401,8.92,369.33,390,33.54,716.83,723,24.72,273.92,274,3.87,1758.67,1788,60.15,1809.17,1788,151.69,7044.42,7070,121.35,18576.17,18545,211.53,1962.83,2055,329.98,11531.75,11524,144.03,3772.0,3930,380.66,5158.67,5130,113.91,2034.17,2031,51.31,3124.5,3099,63.82,67833.0,67438,3685.38,13828.0,13823,311.57,54005.0,53614,3375.77,23404.5,23417,2062.07,2781.92,2787,72.51,20622.58,20629,1990.32,1557.33,1542,53.87,778.33,777,21.31,779.0,765,33.26
53,Distrito Federal,2021,184386,1039298,0.567,2985,286943782.0,8746,2938025,11989,0.814,173.75,174,0.45,101.67,103,3.23,841.0,836,18.28,200.83,200,1.11,1317.25,1313,20.13,2064.58,2087,98.37,3136.08,3132,66.47,7679.08,7680,107.85,891.25,908,192.7,4543.0,4544,54.41,2955.83,2991,148.63,2331.08,2347,106.06,256.25,248,18.08,2074.83,2098,90.75,51432.08,52274,2889.63,2687.83,2670,79.42,48744.25,49604,2819.27,26782.08,27420,1109.06,645.58,643,20.76,26136.5,26760,1095.31,920.42,917,29.38,100.08,99,3.55,820.33,818,26.26
11,Rondônia,2022,119802,561608,0.446,1575,66795453.5,3809,1734648,6305,0.7,95.5,95,2.47,92.67,92,3.98,351.75,352,15.64,125.33,127,3.8,665.25,663,20.3,405.5,360,95.87,1039.25,1027,28.02,4675.08,4660,38.0,444.67,419,59.91,3635.83,3624,36.45,850.17,778,116.47,1365.17,1356,29.43,402.92,405,11.86,962.25,952,18.79,26300.0,26212,768.14,3313.92,3332,80.82,22986.08,22879,689.61,6672.25,6613,134.64,605.08,610,10.34,6067.17,6006,127.78,441.75,440,11.39,156.92,160,6.95,284.83,282,5.32
12,Acre,2022,48975,226274,0.523,1171,23676136.1,1570,872566,2445,0.71,55.5,55,4.46,53.08,51,4.12,100.92,101,2.71,63.08,61,8.31,272.58,273,12.42,87.92,71,44.73,158.5,159,11.44,1616.17,1625,42.67,167.42,164,11.63,1457.67,1479,45.03,255.33,235,48.91,350.75,351,5.55,124.17,124,1.11,226.58,227,4.81,8400.5,8431,69.14,1900.75,1901,22.94,6499.75,6506,57.14,2517.67,2583,129.74,305.58,307,4.21,2212.08,2286,131.11,108.33,109,2.46,55.58,56,0.79,52.75,53,2.3
13,Amazonas,2022,213892,1074332,0.509,1154,145140465.1,7456,4199791,12462,0.7,288.83,288,4.26,268.42,268,9.15,467.08,462,14.8,265.92,265,5.42,1290.25,1288,14.32,384.33,341,140.29,873.83,887,39.29,6124.33,6127,48.25,937.5,952,44.45,5250.5,5243,24.18,1321.83,1217,155.92,1509.42,1505,14.58,762.33,761,17.49,747.08,749,8.77,35535.0,35083,1208.73,6607.08,6593,140.34,28927.92,28506,1082.81,12425.5,12428,266.58,1137.42,1129,28.77,11288.08,11283,243.09,423.75,421,8.34,193.25,192,5.19,230.5,231,5.55
14,Roraima,2022,51047,329081,0.548,1449,21095341.8,1543,673404,2135,0.699,25.42,25,1.38,38.17,38,1.34,93.0,96,15.06,28.33,28,0.78,184.92,189,13.39,44.75,40,17.84,98.5,98,1.73,1391.0,1378,45.52,142.0,136,15.33,1292.5,1280,46.13,186.75,175,30.76,287.42,284,9.2,132.08,133,1.78,155.33,152,7.84,8532.42,8530,250.74,1630.75,1621,21.59,6901.67,6917,238.89,2014.42,2068,89.96,211.67,211,3.17,1802.75,1858,91.68,87.08,87,1.31,55.5,55,0.8,31.58,31,0.79
15,Pará,2022,502466,2202509,0.506,1267,236141873.8,14411,8570045,27017,0.69,372.5,371,11.29,376.83,379,9.07,883.25,889,16.6,432.25,441,17.7,2064.83,2087,51.56,816.58,654,233.76,3541.5,3548,35.59,14886.58,14887,47.4,1590.92,1592,15.13,11345.08,11345,41.05,2407.5,2244,238.89,3361.92,3385,61.13,1324.58,1332,16.7,2037.33,2052,45.23,63092.08,63323,1536.04,11733.42,11742,275.12,51358.67,51581,1264.33,20195.67,20323,339.88,1964.08,1968,39.99,18231.58,18355,302.72,1123.0,1131,18.72,453.08,454,7.0,669.92,674,12.21
16,Amapá,2022,40092,214149,0.531,1314,23614291.5,1372,795457,2402,0.688,26.0,26,1.28,37.17,37,2.76,106.33,106,0.49,59.5,59,0.52,229.0,229,4.79,103.17,80,41.61,132.0,132,0.0,1335.17,1313,60.23,125.67,133,17.6,1203.17,1181,60.23,228.83,213,29.66,426.83,417,29.31,146.08,141,20.08,280.75,277,9.7,5792.25,5791,246.89,896.92,881,100.53,4895.33,4910,151.8,1329.92,1362,79.35,171.33,173,21.08,1158.58,1192,60.27,107.92,108,8.26,45.58,45,6.52,62.33,62,1.87
17,Tocantins,2022,89133,467213,0.507,1598,58208795.2,3142,1557580,5433,0.731,174.42,174,1.24,163.17,163,2.69,240.92,237,25.43,171.67,172,5.25,750.17,746,18.55,375.67,324,102.46,721.17,722,8.68,3069.58,3059,36.0,339.33,316,84.31,2348.42,2336,30.51,715.0,622,163.26,1005.08,1008,33.31,562.75,567,16.28,442.33,440,17.66,15201.75,15163,711.22,4668.58,4682,65.02,10533.17,10478,648.54,7003.67,6974,445.25,839.25,846,15.86,6164.42,6128,430.29,275.83,275,7.9,136.0,137,3.69,139.83,138,4.63
21,Maranhão,2022,482348,2356136,0.49,995,139789146.0,14020,6998087,22683,0.676,298.42,296,3.2,295.67,295,3.06,741.17,740,12.69,355.75,353,6.86,1691.0,1696,19.52,917.5,746,231.71,1931.5,1967,77.05,15160.75,15162,136.7,1061.25,1061,38.26,13229.25,13237,79.27,1978.75,1836,201.55,2642.75,2641,42.87,1324.75,1322,24.12,1318.0,1317,22.29,43325.0,43377,588.44,13740.42,13744,160.88,29584.58,29644,430.27,14512.67,14575,224.87,1707.67,1716,27.39,12805.0,12858,198.61,839.58,841,7.46,436.08,437,8.04,403.5,404,2.84
22,Piauí,2022,207218,1069579,0.518,1320,72834503.6,7902,3357043,12611,0.69,117.08,117,10.93,129.33,127,7.05,217.0,214,14.45,110.75,109,10.58,574.17,554,38.8,447.5,464,169.2,1221.5,1179,66.04,7833.08,7774,174.97,538.08,539,23.86,6611.58,6609,225.98,985.58,1010,186.01,1235.83,1235,20.28,655.75,655,6.73,580.08,577,14.33,17300.25,17237,271.72,6128.92,6114,67.27,11171.33,11123,209.19,6157.83,6112,114.48,794.17,796,6.01,5363.67,5316,111.98,411.33,411,6.68,181.0,181,2.56,230.33,229,5.28
23,Ceará,2022,526578,3160739,0.516,1166,213600673.8,23720,9162955,33447,0.734,619.58,616,12.93,524.58,524,12.54,960.33,949,19.13,614.5,616,4.98,2719.0,2693,43.97,1095.75,874,403.97,4392.42,4410,99.39,19731.83,19713,70.06,1801.17,1787,48.38,15339.42,15326,68.18,2896.92,2617,444.91,5448.33,5495,170.64,1644.17,1651,33.34,3804.17,3861,142.09,94899.67,94957,2621.14,19621.17,19627,243.31,75278.5,75329,2378.99,33040.92,33247,1050.44,2806.83,2815,37.79,30234.08,30431,1013.22,1717.08,1721,49.13,547.25,545,16.19,1169.83,1176,33.72
24,Rio Grande do Norte,2022,187325,960209,0.523,1359,93819291.5,7587,3427955,12706,0.728,220.25,220,1.96,175.25,176,5.31,490.33,491,6.65,178.83,178,4.32,1064.67,1064,10.59,585.42,476,202.32,1679.75,1700,38.09,7845.58,7829,69.67,697.58,699,20.68,6165.83,6167,88.37,1283.0,1174,217.68,1502.33,1514,34.81,946.08,937,16.73,556.25,567,22.76,27204.33,27376,803.3,7266.58,7257,100.32,19937.75,20105,707.17,11014.0,11024,132.26,1282.17,1281,10.94,9731.83,9751,128.29,669.08,671,12.76,372.5,371,4.76,296.58,300,8.47
25,Paraíba,2022,203548,1136938,0.558,1207,86094173.1,11016,4106026,16491,0.698,252.25,254,9.57,232.75,234,5.15,419.75,424,9.95,211.0,212,4.02,1115.75,1130,27.19,705.33,608,230.55,2046.67,2044,55.72,9097.5,9088,56.94,931.5,882,128.53,7050.83,7065,71.89,1636.83,1469,260.65,2356.25,2345,67.28,1127.92,1117,34.62,1228.33,1228,33.08,32643.5,32636,545.6,10042.92,10047,129.94,22600.58,22588,418.9,10753.5,10720,108.46,1558.08,1568,29.5,9195.42,9172,96.82,854.67,856,9.34,474.92,476,3.78,379.75,380,5.67
26,Pernambuco,2022,582363,3185750,0.514,1207,245828016.7,28413,9493026,39886,0.719,645.92,647,11.82,550.58,549,9.93,1257.83,1250,21.42,671.67,669,14.89,3126.0,3121,52.36,2115.25,1893,411.13,5652.92,5725,172.3,23125.08,23121,146.3,1905.5,1801,260.64,17472.17,17538,125.71,4020.75,3743,435.67,4201.92,4193,106.27,1864.25,1860,33.32,2337.67,2332,73.5,74746.42,74079,1898.48,15904.33,15875,170.96,58842.08,58204,1730.38,35369.92,34871,974.75,2607.17,2603,24.51,32762.75,32262,959.29,1750.08,1741,25.73,606.33,605,7.19,1143.75,1136,18.82
27,Alagoas,2022,161872,882644,0.498,1102,76065805.8,7152,3218381,13722,0.684,124.75,125,1.22,114.42,114,2.11,350.17,350,1.53,153.08,154,2.5,742.42,742,2.78,388.58,310,142.6,1144.25,1144,19.19,6484.92,6480,50.51,652.17,637,41.72,5340.67,5350,52.33,1040.75,936,167.91,1700.0,1698,21.45,705.92,702,8.31,994.08,996,14.29,25523.75,25263,580.69,6052.25,6015,76.49,19471.5,19248,504.64,8494.0,8280,285.88,643.17,636,19.79,7850.83,7644,266.87,518.17,517,9.5,283.92,284,3.63,234.25,233,5.96
28,Sergipe,2022,105080,585094,0.526,1281,57372241.4,5523,2273589,8305,0.702,128.17,129,1.47,108.33,108,3.68,182.33,182,2.02,148.0,148,0.95,566.83,568,4.73,252.0,230,39.93,895.5,889,17.03,3251.75,3268,58.48,391.08,392,3.75,2356.25,2384,53.42,643.08,624,41.52,965.33,966,7.64,450.17,450,2.52,515.17,517,6.93,14534.5,14493,206.41,3552.92,3555,17.8,10981.58,10927,194.93,6255.33,6150,179.87,457.67,458,3.2,5797.67,5691,180.95,363.75,363,3.79,164.42,164,1.93,199.33,199,2.02
29,Bahia,2022,834551,3972152,0.507,1159,402646605.6,34961,14811339,59092,0.691,1109.0,1110,17.78,1103.25,1102,27.61,1916.92,1914,41.59,997.83,1004,23.59,5127.0,5138,107.0,2314.25,1887,633.92,5835.25,5826,102.25,29934.33,29925,94.71,2480.58,2422,136.97,24099.08,24112,132.82,4794.83,4306,699.01,9231.5,9266,159.22,3603.92,3628,73.92,5627.58,5637,86.44,127140.08,127350,2564.22,30232.58,30227,581.84,96907.5,97122,1987.2,48298.83,48490,675.28,5512.83,5531,66.15,42786.0,42988,615.09,2917.08,2921,43.06,1171.5,1170,22.72,1745.58,1748,21.25
31,Minas Gerais,2022,1342708,6671169,0.465,1816,906730670.4,68334,21178401,85190,0.774,1276.42,1278,38.12,1281.33,1287,63.15,2563.08,2564,26.21,1145.58,1150,41.15,6266.42,6259,141.7,3035.58,2429,812.39,14054.75,14077,130.88,42837.92,42882,186.91,4401.58,4198,484.11,28783.17,28757,94.6,7437.17,6621,1126.77,16519.42,16489,220.66,5210.67,5191,63.99,11308.75,11298,157.43,284238.42,283322,5799.07,46104.5,46045,711.34,238133.92,237277,5090.42,109113.17,108751,1466.36,9250.75,9221,94.1,99862.42,99534,1373.21,7174.5,7147,117.51,2600.17,2599,26.89,4574.33,4548,91.14
32,Espírito Santo,2022,265352,1325543,0.49,1890,182548589.7,11170,4050913,15580,0.771,231.0,228,12.63,242.5,242,11.66,486.75,488,6.44,255.92,257,5.99,1216.17,1218,25.74,1068.83,980,191.27,2779.42,2784,36.17,8285.92,8280,48.26,1016.83,976,93.68,5506.5,5483,66.83,2085.67,1960,236.45,3437.08,3431,36.36,1005.58,1006,11.46,2431.5,2423,26.23,54840.25,55034,983.29,8120.67,8177,176.17,46719.58,46857,808.59,24065.67,24097,114.14,1415.67,1419,23.86,22650.0,22684,94.8,1180.25,1183,7.71,379.58,381,3.23,800.67,801,4.89
33,Rio de Janeiro,2022,789950,5239808,0.54,2293,1153512154.9,57480,17211760,82716,0.762,915.83,957,67.56,860.0,896,63.41,2544.75,2530,82.76,1040.0,1039,7.14,5360.58,5405,121.18,7213.83,6961,438.07,14385.33,14407,264.87,35591.25,35699,203.89,3423.58,3302,286.6,21205.92,21195,162.39,10637.42,10274,586.88,12673.83,12707,222.64,3377.75,3381,58.04,9296.08,9326,165.33,211647.75,212284,5269.56,22769.5,22771,239.34,188878.25,189513,5035.29,100336.25,100599,2093.38,4106.0,4122,37.32,96230.25,96457,2066.27,6152.17,6173,133.99,1464.92,1462,22.15,4687.25,4711,115.09
35,São Paulo,2022,2460492,12860439,0.499,2453,3130333202.5,139824,45736978,186324,0.806,2403.92,2409,17.22,2223.92,2227,19.7,6112.83,6106,40.43,2894.58,2898,20.02,13635.25,13673,84.34,10417.42,9495,1363.9,39288.92,39272,126.52,94431.92,94293,404.61,9419.58,9241,442.05,55143.0,54921,464.12,19837.0,18708,1647.29,36712.83,36724,459.08,8601.42,8609,51.81,28111.42,28115,407.64,583328.33,583503,7513.74,65362.58,65303,622.8,517965.75,518200,6913.53,260225.5,259945,1934.54,14468.58,14499,146.55,245756.92,245406,1819.61,15002.08,15296,585.28,4903.08,4900,27.26,10099.0,10396,562.0
41,Paraná,2022,850393,3840831,0.468,2082,614610848.3,39918,11686692,49194,0.769,668.92,666,17.4,562.67,560,10.38,1437.42,1441,15.69,530.42,534,24.5,3199.42,3201,64.7,1773.33,1577,311.59,8018.08,8017,64.83,26419.83,26414,99.38,2713.92,2605,264.32,18401.75,18395,126.7,4487.25,4176,437.26,11259.92,11236,78.36,2844.75,2838,15.21,8415.17,8401,65.77,155985.67,154799,3478.14,24115.92,23904,567.39,131869.75,130894,2913.83,52680.58,52178,1178.52,4956.42,4924,113.0,47724.17,47247,1071.63,3241.42,3218,56.61,1080.58,1076,18.81,2160.83,2143,38.74
42,Santa Catarina,2022,532976,2413151,0.419,2279,466274103.5,24818,7796817,28057,0.792,527.42,528,2.78,526.75,531,8.49,1067.58,1069,6.52,447.5,447,10.45,2569.25,2572,15.54,981.0,805,262.7,4461.0,4464,46.17,15662.67,15667,47.26,1354.25,1270,196.93,11201.67,11195,80.81,2335.25,2094,364.99,7227.08,7223,145.81,2384.08,2384,100.71,4843.0,4839,46.55,103882.75,103717,2084.89,16855.08,16804,578.97,87027.67,86913,1507.24,39730.67,39761,324.4,3206.92,3187,76.96,36523.75,36573,249.75,2317.08,2323,32.05,946.83,953,21.85,1370.25,1370,10.91
43,Rio Grande do Sul,2022,772181,4638520,0.466,2385,593633656.2,45636,11220506,53036,0.771,428.08,431,15.97,434.92,437,24.38,1557.33,1560,25.23,616.42,618,19.99,3036.75,3053,52.56,1474.08,1217,383.77,9775.92,9772,145.59,29855.5,29905,223.28,2574.25,2407,386.11,20079.58,20094,111.16,4048.33,3608,644.95,7828.67,7821,64.84,2617.25,2610,18.05,5211.42,5211,47.49,119628.92,119049,1971.24,20418.75,20335,272.6,99210.17,98714,1701.69,50721.17,50510,454.82,4215.92,4208,24.57,46505.25,46304,432.4,3031.67,3016,33.79,1175.0,1170,9.08,1856.67,1847,25.05
50,Mato Grosso do Sul,2022,197798,905032,0.479,2226,166407328.5,9096,2854377,11785,0.742,147.83,147,3.93,127.67,128,3.11,473.5,477,14.1,175.58,176,4.12,924.58,930,24.43,483.58,442,68.21,1947.92,1950,6.69,5950.92,5948,43.22,539.25,535,9.2,4003.0,4001,39.5,1022.83,973,73.0,2185.58,2168,68.01,750.33,733,32.89,1435.25,1431,36.59,33064.33,32531,1292.18,6491.33,6369,232.21,26573.0,26162,1062.51,15160.5,15056,510.75,1049.08,1041,41.43,14111.42,14015,470.37,663.0,662,16.83,235.92,237,4.27,427.08,424,12.9
51,Mato Grosso,2022,206629,922627,0.45,2018,255527297.3,6804,3720967,13430,0.736,221.17,223,5.41,242.25,245,10.58,433.08,435,10.23,201.0,206,14.3,1097.5,1113,35.76,960.17,808,214.39,1907.83,1905,29.65,7509.08,7518,56.61,702.33,695,20.25,5601.25,5610,42.28,1662.5,1501,221.83,2758.58,2754,43.1,1163.08,1158,19.89,1595.5,1596,24.22,45487.75,45501,1110.59,9547.67,9545,165.55,35940.08,35936,948.59,18272.75,18436,363.17,1715.67,1723,27.59,16557.08,16699,340.02,912.08,912,21.32,417.83,417,9.19,494.25,497,13.32
52,Goiás,2022,410751,1993453,0.455,1913,318586149.3,16722,7201254,27601,0.737,434.5,433,16.66,436.08,439,24.53,755.08,757,26.44,316.5,315,11.53,1942.17,1953,71.52,1681.83,1276,535.0,7109.17,7150,117.61,18820.33,18827,96.13,1335.17,1291,110.2,11711.17,11707,103.77,3017.0,2561,609.49,5483.42,5471,100.62,2192.0,2184,49.3,3291.42,3287,52.32,76438.75,75593,3055.62,14916.33,14658,652.8,61522.42,60934,2418.57,26968.75,26975,720.7,3004.67,2978,102.45,23964.08,23997,627.94,1705.75,1712,46.76,837.75,833,18.25,868.0,878,29.92
53,Distrito Federal,2022,178286,1026901,0.536,3649,328789563.0,6146,2952426,8007,0.814,174.83,174,2.33,107.0,106,2.73,904.33,904,10.55,203.67,203,2.31,1389.83,1390,13.79,1892.58,1808,170.46,3254.75,3269,65.83,7805.25,7814,56.88,595.67,596,6.75,4550.5,4566,46.63,2488.25,2404,171.7,2515.92,2516,31.77,304.92,300,10.97,2211.0,2204,30.37,56140.33,56157,666.87,3229.92,3333,214.15,52910.42,52966,608.13,26221.0,25715,911.82,766.83,785,45.0,25454.17,24917,945.0,965.5,970,13.19,110.0,109,1.91,855.5,857,12.7
11,Rondônia,2023,132743,658393,0.454,1575,76456178.6,3962,1740255,6119,0.7,99.08,99,3.0,98.42,99,3.32,346.92,348,12.75,132.58,132,3.94,677.0,680,12.91,390.67,395,19.71,1042.25,1042,21.98,4691.0,4691,27.71,412.08,412,5.16,3648.75,3650,32.35,802.75,807,17.52,1425.42,1420,15.56,420.25,419,7.19,1005.17,1002,8.86,28403.17,28271,727.6,3572.17,3551,142.52,24831.0,24719,587.3,7551.67,7591,325.19,657.25,658,27.92,6894.42,6933,298.42,459.58,456,12.08,173.67,173,7.64,285.92,286,5.33
12,Acre,2023,56843,261573,0.51,1135,26291321.4,1695,876582,2463,0.71,59.83,62,5.04,61.0,62,3.86,101.83,100,4.32,83.42,86,10.46,306.08,310,15.55,75.0,74,26.32,145.67,145,2.31,1576.5,1572,25.42,169.5,170,7.55,1430.83,1427,26.16,244.5,244,19.32,375.08,374,10.58,130.75,131,2.3,244.33,243,8.36,8902.08,8812,396.63,1986.75,1977,50.18,6915.33,6834,348.27,2414.25,2360,135.67,316.25,318,7.57,2098.0,2046,129.22,110.0,110,5.56,57.17,57,0.83,52.83,53,4.78
13,Amazonas,2023,216155,1067635,0.511,1233,161794976.4,7039,4240571,12746,0.7,295.58,296,3.96,288.75,281,13.57,446.33,449,8.62,260.0,260,2.76,1290.67,1288,17.29,381.92,388,37.35,845.25,833,57.46,6188.92,6145,78.44,835.08,837,30.8,5343.67,5346,31.73,1217.0,1204,31.3,1545.17,1540,19.89,794.83,792,8.23,750.33,750,12.23,40458.0,39562,1865.63,7040.0,6925,260.45,33418.0,32637,1632.81,13319.33,13245,204.25,1181.83,1179,6.0,12137.5,12068,198.83,449.83,448,11.84,196.25,197,2.01,253.58,255,11.9
14,Roraima,2023,49611,324291,0.521,1453,25124805.1,1524,695270,2093,0.699,28.0,28,1.54,40.75,40,1.42,57.92,56,7.63,29.42,29,0.51,156.08,154,7.6,33.83,30,9.26,117.25,122,18.81,1401.83,1420,40.88,131.75,134,7.44,1284.58,1288,32.58,165.58,165,2.23,311.17,309,4.63,135.42,135,1.24,175.75,174,4.09,8958.5,8944,114.08,1704.08,1700,29.33,7254.42,7257,89.99,1924.67,1920,15.28,219.17,217,3.1,1705.5,1700,15.67,92.75,94,2.96,54.67,55,0.89,38.08,39,3.7
15,Pará,2023,534799,2289077,0.499,1330,254546511.2,14657,8616120,26350,0.69,398.58,391,27.3,406.33,389,37.64,895.75,895,20.46,455.25,446,23.43,2155.92,2139,96.24,613.75,610,25.45,3450.25,3424,94.6,14605.33,14626,169.33,1579.0,1582,12.87,11155.08,11189,159.84,2192.75,2190,32.24,3414.0,3413,26.13,1373.5,1378,20.26,2040.5,2042,24.7,65129.08,65007,883.03,12613.83,12571,404.93,52515.25,52389,648.01,19875.08,19808,380.67,2022.25,2022,5.91,17852.83,17783,382.74,1145.42,1144,10.65,463.5,465,4.3,681.92,681,8.17
16,Amapá,2023,54372,241722,0.491,1447,28020119.6,1434,799124,2471,0.688,30.42,30,1.88,42.67,42,1.23,113.25,115,3.91,86.5,86,1.45,272.83,274,7.73,108.0,112,10.47,187.67,178,15.02,1496.0,1509,50.48,136.08,135,2.07,1308.33,1312,44.63,244.08,247,9.08,491.25,491,7.0,182.75,183,2.01,308.5,309,7.42,6662.83,6535,402.12,1179.33,1158,76.56,5483.5,5386,326.97,1413.92,1396,100.26,174.42,174,5.28,1239.5,1223,98.63,125.08,126,5.07,51.5,51,1.31,73.58,75,4.85
17,Tocantins,2023,98574,503560,0.478,1656,64317699.0,3183,1567191,5207,0.731,169.42,169,1.16,152.83,151,3.13,304.83,307,5.06,157.67,157,2.71,784.75,784,4.61,315.17,315,7.48,652.67,644,21.66,3126.17,3112,50.06,286.33,285,7.09,2473.5,2463,58.52,601.5,599,13.99,1057.08,1056,17.57,595.75,597,17.9,461.33,461,3.39,17028.42,17034,463.47,4908.33,4881,151.23,12120.08,12152,324.22,8110.42,8128,216.36,873.83,872,12.91,7236.58,7255,204.5,295.75,296,6.0,144.08,144,2.23,151.67,152,4.16
21,Maranhão,2023,486430,2436619,0.491,1019,149227194.6,14156,7003234,22279,0.676,293.58,294,1.56,313.25,317,11.41,772.42,775,15.97,370.83,371,10.84,1750.08,1751,33.44,622.42,607,46.25,2052.17,2033,50.68,15323.83,15320,54.83,1239.75,1272,58.51,13271.67,13267,44.61,1862.17,1870,37.45,2787.5,2787,42.82,1376.58,1377,10.08,1410.92,1413,33.88,45317.08,45044,1106.21,14400.5,14311,436.65,30916.58,30732,674.22,14817.58,14773,130.37,1745.75,1750,10.33,13071.83,13022,128.12,870.75,867,12.64,453.5,454,2.02,417.25,413,10.96
22,Piauí,2023,218826,1130000,0.549,1341,80916856.5,7968,3365881,11917,0.69,140.5,143,8.23,140.25,141,3.36,255.83,256,5.24,142.0,141,4.63,678.58,684,17.54,269.0,275,17.87,1367.67,1380,33.34,7617.75,7613,47.59,489.92,486,8.89,6250.08,6241,48.23,758.92,761,9.75,1341.42,1347,23.54,675.5,673,7.56,665.92,674,17.82,18533.58,18554,458.65,6376.67,6325,173.1,12156.92,12233,306.45,6623.17,6652,89.43,795.25,795,3.08,5827.92,5860,91.03,454.08,457,10.5,188.58,189,1.78,265.5,268,9.3
23,Ceará,2023,552085,3242633,0.51,1220,232239256.5,22443,9196672,32193,0.734,642.17,641,7.98,542.75,543,5.05,1042.92,1012,48.07,637.17,643,11.73,2865.0,2847,62.07,826.25,831,19.41,4418.0,4406,78.93,19584.75,19556,161.39,1771.58,1767,15.14,15166.75,15186,100.74,2597.83,2597,11.61,5411.5,5405,44.5,1692.08,1690,8.26,3719.42,3719,45.62,99749.67,99476,1699.51,20616.75,20610,497.06,79132.92,78874,1228.13,34639.0,34604,209.29,2942.33,2957,51.12,31696.67,31629,193.64,1791.58,1788,15.91,577.67,579,5.21,1213.92,1210,12.5
24,Rio Grande do Norte,2023,201743,981603,0.53,1469,101740275.5,7191,3436278,11837,0.728,225.0,225,2.26,181.33,182,3.42,485.83,488,6.99,184.08,184,1.62,1076.25,1078,7.46,431.58,427,17.53,1612.75,1666,126.09,7749.58,7786,93.66,668.25,668,0.62,6136.83,6130,51.95,1099.83,1095,17.37,1559.08,1560,5.65,973.92,973,3.42,585.17,585,5.34,28672.92,28583,379.84,7569.83,7514,183.97,21103.08,21093,214.79,11091.33,11129,83.46,1301.75,1300,4.97,9789.58,9829,82.05,695.17,695,4.9,385.83,386,3.16,309.33,310,4.01
25,Paraíba,2023,232020,1264554,0.561,1356,96963174.0,10751,4124468,15163,0.698,263.08,262,1.78,239.17,239,2.04,428.83,430,3.19,215.67,214,2.15,1146.75,1146,8.32,689.08,695,58.4,2160.75,2180,65.16,9390.92,9378,148.24,834.33,832,8.51,7230.17,7188,93.69,1523.42,1533,56.33,2499.0,2492,36.53,1201.25,1204,14.56,1297.75,1283,23.65,37043.0,36306,2357.39,10607.92,10557,339.65,26435.08,25749,2048.66,13002.67,12685,1129.21,1632.75,1632,26.65,11369.92,11051,1104.96,920.25,908,37.2,494.08,495,7.77,426.17,412,30.42
26,Pernambuco,2023,609104,3254602,0.495,1207,270474919.5,26735,9514483,38741,0.719,657.42,654,8.38,551.83,549,5.97,1351.5,1356,25.69,712.92,701,18.84,3273.67,3280,43.1,1822.25,1820,31.71,6212.42,6288,206.63,23126.92,23165,150.73,1776.25,1775,13.98,16914.5,16840,317.25,3598.5,3584,42.96,4441.5,4452,59.39,1953.33,1952,27.58,2488.17,2497,33.99,79635.58,79712,1193.2,16471.33,16356,409.39,63164.25,63355,845.94,37356.08,37333,262.84,2635.5,2635,11.46,34720.58,34692,265.65,1819.67,1823,19.27,633.67,634,9.68,1186.0,1188,10.95
27,Alagoas,2023,164027,953864,0.486,1140,89688931.9,7871,3218607,13394,0.684,125.75,125,1.42,120.33,121,2.02,355.0,356,2.98,169.67,152,22.07,770.75,751,27.25,308.58,300,19.27,1213.0,1210,29.85,6512.25,6521,56.75,655.5,661,22.3,5299.25,5314,62.75,964.08,965,22.14,1767.25,1770,41.01,719.0,715,8.77,1048.25,1055,34.24,27404.0,26986,1123.09,6253.08,6221,148.26,21150.92,20761,995.88,9118.5,9092,202.25,662.25,663,7.26,8456.25,8427,208.07,554.75,554,19.45,296.17,297,4.86,258.58,257,14.77
28,Sergipe,2023,114790,624304,0.503,1270,60816662.0,5415,2281994,8026,0.702,130.92,130,3.09,112.33,113,3.58,168.92,168,11.64,146.25,146,2.56,558.42,562,10.67,237.17,233,12.78,898.0,893,54.97,3265.08,3247,58.65,410.58,407,17.36,2367.08,2379,31.24,647.75,652,15.06,1016.67,1017,15.91,489.67,490,15.62,527.0,528,2.56,15593.08,15563,588.68,3713.5,3698,128.57,11879.58,11866,467.8,6965.92,7031,274.02,467.58,470,8.59,6498.33,6559,265.88,388.42,388,11.04,173.25,174,3.41,215.17,214,7.8
29,Bahia,2023,904819,4213296,0.485,1246,430987853.1,34682,14828806,57979,0.691,1134.5,1138,8.55,1140.92,1141,9.58,1939.75,1939,13.65,1030.83,1031,7.3,5246.0,5251,34.49,1869.08,1877,32.37,6238.17,6253,212.27,30343.83,30422,341.58,2422.67,2417,25.93,24105.67,24169,146.78,4291.75,4294,43.51,9499.33,9497,111.08,3765.17,3777,41.13,5734.17,5721,75.76,134830.17,134273,3750.08,32242.0,32164,929.8,102588.17,102108,2837.42,50100.58,50126,481.64,5652.17,5654,38.58,44448.42,44472,445.2,3020.5,3020,42.91,1245.75,1251,21.3,1774.75,1771,24.08
31,Minas Gerais,2023,1439746,7079014,0.474,1935,971977550.9,68780,21247401,83046,0.774,1342.75,1337,10.87,1424.67,1427,22.47,2597.0,2586,38.49,1219.75,1219,17.86,6584.17,6569,61.41,2364.58,2369,35.5,13894.25,13900,64.89,42564.17,42551,62.29,4227.42,4232,19.96,28669.92,28654,53.19,6592.0,6581,36.62,17117.83,17144,152.26,5402.0,5419,44.01,11715.83,11714,110.91,304854.75,304999,8411.51,48727.67,48713,1312.34,256127.08,256286,7155.03,114100.33,114298,2162.65,9570.25,9572,105.59,104530.08,104723,2057.63,7510.0,7532,86.43,2699.58,2705,22.93,4810.42,4826,63.63
32,Espírito Santo,2023,288353,1444450,0.483,1928,209829732.3,11488,4076068,15416,0.771,248.83,249,3.93,256.92,257,3.55,479.25,479,3.67,266.33,266,6.21,1251.33,1249,8.86,842.0,833,37.87,2856.83,2840,53.24,8410.75,8378,128.64,1078.5,1073,40.78,5553.92,5561,105.85,1920.5,1920,15.81,3576.0,3571,55.34,1039.58,1038,14.74,2536.42,2533,41.17,58480.92,58594,1706.49,8594.25,8581,269.07,49886.67,49991,1456.66,24800.25,24976,488.9,1462.58,1462,11.84,23337.67,23512,482.56,1214.08,1213,17.68,386.0,385,4.61,828.08,827,13.52
33,Rio de Janeiro,2023,881067,5345425,0.539,2348,1172871443.4,56777,17213813,80890,0.762,958.67,957,5.38,901.08,902,7.44,2517.92,2509,29.86,1047.92,1050,20.02,5425.58,5439,52.11,6823.83,6793,118.15,14909.83,14864,202.02,36029.92,36003,294.26,3399.92,3408,36.21,21120.08,21065,166.06,10223.75,10209,134.22,12970.67,12980,189.5,3508.0,3498,29.62,9462.67,9482,161.29,223357.58,221931,5945.18,23854.67,23686,788.25,199502.92,198332,5217.02,104566.92,104524,1156.75,4233.08,4223,68.47,100333.83,100279,1110.15,6302.25,6361,220.9,1529.75,1534,16.42,4772.5,4827,209.45
35,São Paulo,2023,2604291,13273275,0.503,2592,3444814032.9,137514,45850570,178776,0.806,2448.25,2448,28.25,2291.75,2283,27.96,6233.0,6201,72.77,2939.0,2934,21.52,13912.0,13867,139.04,9527.75,9544,83.12,39922.17,39987,250.06,94439.83,94388,161.68,9224.08,9218,31.62,54517.67,54546,171.47,18751.83,18756,63.61,37814.17,37827,415.12,8812.83,8825,85.68,29001.33,29002,331.35,613001.0,611214,13324.02,68487.58,68062,2004.0,544513.42,543152,11398.38,266250.42,266494,1383.43,14858.08,14868,89.12,251392.33,251627,1299.13,15756.08,15767,123.69,5024.83,5029,47.61,10731.25,10738,77.21
41,Paraná,2023,923865,4016939,0.461,2150,670919162.2,38804,11753862,46299,0.769,713.42,713,8.83,599.25,595,11.02,1497.42,1501,22.67,585.75,585,8.93,3395.83,3399,46.91,1554.83,1558,42.71,8042.25,8059,86.14,26087.67,26136,183.06,2648.42,2669,39.13,18045.42,18074,121.45,4203.25,4220,44.55,11467.0,11468,72.48,2917.33,2920,39.13,8549.67,8547,37.39,166092.25,165494,3697.43,25794.5,25715,682.16,140297.75,139819,3027.1,56584.58,56696,963.86,5259.67,5266,74.22,51324.92,51451,893.17,3427.67,3433,48.15,1139.0,1142,13.64,2288.67,2290,35.04
42,Santa Catarina,2023,579571,2519396,0.418,2369,513392973.1,23327,7927212,27187,0.792,538.58,539,11.0,534.17,534,5.42,1095.08,1088,35.47,455.58,456,4.44,2623.42,2617,48.68,833.42,822,36.43,4485.08,4495,54.98,15782.17,15772,125.18,1365.67,1359,64.3,11297.08,11254,92.14,2199.08,2183,81.47,7523.92,7552,97.24,2575.25,2566,58.82,4948.67,4966,43.96,112074.5,112135,4235.61,18466.92,18440,710.71,93607.58,93695,3542.36,41359.92,41366,924.43,3370.83,3374,41.17,37989.08,37992,884.01,2400.42,2398,28.41,995.67,996,15.01,1404.75,1402,14.7
43,Rio Grande do Sul,2023,799639,4778346,0.465,2427,650107022.4,42143,11222292,48607,0.771,455.0,455,6.97,461.75,464,8.04,1550.25,1553,17.06,645.42,644,6.39,3112.42,3114,20.15,1181.67,1181,32.3,9638.5,9592,145.02,29615.42,29533,183.61,2404.33,2400,15.35,19976.92,19969,60.3,3586.0,3584,27.88,8076.67,8065,102.15,2694.0,2687,28.06,5382.67,5377,74.88,125748.5,125020,2908.16,21414.42,21283,564.28,104334.08,103736,2359.88,52169.42,52001,571.36,4291.67,4287,19.1,47877.75,47714,558.17,3103.67,3104,18.33,1200.0,1200,5.17,1903.67,1903,14.9
50,Mato Grosso do Sul,2023,211698,944835,0.476,2192,184402118.2,8570,2878009,11409,0.742,150.0,150,4.33,130.08,131,3.53,475.5,473,18.22,183.08,182,2.31,938.67,940,22.86,395.33,389,27.38,1903.0,1899,31.95,5907.42,5887,76.63,557.17,560,19.73,4004.42,3997,46.76,952.5,949,9.62,2254.5,2252,53.05,814.33,818,12.37,1440.17,1441,62.59,35272.5,35200,540.19,6909.58,6879,160.57,28362.92,28372,428.93,15957.17,15902,136.91,1100.25,1102,5.1,14856.92,14799,132.42,700.92,700,10.54,242.58,244,4.19,458.33,456,9.47
51,Mato Grosso,2023,227838,1008401,0.453,2100,273008585.7,7104,3778389,13435,0.736,226.08,225,4.38,246.92,247,5.42,434.75,435,12.02,229.58,230,5.78,1137.33,1135,14.21,800.42,798,12.62,1829.92,1835,45.86,7532.5,7474,204.39,686.42,688,11.14,5702.58,5605,226.92,1486.83,1487,5.27,2866.67,2854,54.28,1249.75,1238,43.62,1616.92,1619,13.68,49428.83,49537,2025.13,10203.08,10100,415.15,39225.75,39437,1641.25,19334.5,19537,785.43,1774.75,1751,50.24,17559.75,17775,742.53,980.83,983,33.31,453.75,451,17.95,527.08,531,16.04
52,Goiás,2023,462847,2150209,0.472,2080,336746975.1,16549,7274463,26433,0.737,446.75,444,7.78,489.58,489,4.8,777.33,777,7.6,333.5,332,8.26,2047.17,2042,20.67,1193.83,1183,34.63,6750.33,6772,90.75,18728.0,18767,111.27,1341.83,1346,21.98,11977.67,11974,45.08,2535.67,2538,21.44,5729.92,5737,68.06,2328.25,2321,35.18,3401.67,3416,34.71,83879.83,83658,1888.56,16577.67,16473,499.26,67302.17,67184,1410.67,28833.33,28854,440.89,3211.83,3211,19.98,25621.5,25644,423.5,1799.75,1804,20.4,887.67,889,12.4,912.08,914,8.22
53,Distrito Federal,2023,185415,1090082,0.542,3444,365669107.9,6118,2967543,7766,0.814,175.17,175,1.4,104.17,104,2.55,918.08,921,7.46,207.75,207,0.97,1405.17,1405,7.06,1761.83,1754,28.32,3192.33,3230,83.37,7722.58,7744,95.04,606.67,601,20.44,4530.25,4527,39.31,2368.5,2352,37.79,2641.5,2631,71.39,316.25,316,2.93,2325.25,2313,70.84,58080.0,57792,1373.7,3421.67,3399,64.74,54658.33,54404,1322.24,25326.33,25378,292.04,801.58,803,3.7,24524.75,24576,288.42,997.0,995,13.33,117.42,117,2.47,879.58,880,11.39
